#
# There is insufficient memory for the Java Runtime Environment to continue.
# Native memory allocation (mmap) failed to map 65536 bytes. Error detail: Failed to commit metaspace.
# Possible reasons:
#   The system is out of physical RAM or swap space
#   This process is running with CompressedOops enabled, and the Java Heap may be blocking the growth of the native heap
# Possible solutions:
#   Reduce memory load on the system
#   Increase physical memory or swap space
#   Check if swap backing store is full
#   Decrease Java heap size (-Xmx/-Xms)
#   Decrease number of Java threads
#   Decrease Java thread stack sizes (-Xss)
#   Set larger code cache with -XX:ReservedCodeCacheSize=
#   JVM is running with Unscaled Compressed Oops mode in which the Java heap is
#     placed in the first 4GB address space. The Java Heap base address is the
#     maximum limit for the native heap growth. Please use -XX:HeapBaseMinAddress
#     to set the Java Heap base and to place the Java Heap above 4GB virtual address.
# This output file may be truncated or incomplete.
#
#  Out of Memory Error (virtualSpaceNode.cpp:113), pid=9152, tid=1844
#
# JRE version: OpenJDK Runtime Environment Temurin-21.0.11+10 (21.0.11+10) (build 21.0.11+10-LTS)
# Java VM: OpenJDK 64-Bit Server VM Temurin-21.0.11+10 (21.0.11+10-LTS, mixed mode, sharing, tiered, compressed oops, compressed class ptrs, parallel gc, windows-amd64)
# No core dump will be written. Minidumps are not enabled by default on client versions of Windows
#

---------------  S U M M A R Y ------------

Command Line: --add-modules=ALL-SYSTEM --add-opens=java.base/java.util=ALL-UNNAMED --add-opens=java.base/java.lang=ALL-UNNAMED --add-opens=java.base/sun.nio.fs=ALL-UNNAMED -Declipse.application=org.eclipse.jdt.ls.core.id1 -Dosgi.bundles.defaultStartLevel=4 -Declipse.product=org.eclipse.jdt.ls.core.product -Djava.import.generatesMetadataFilesAtProjectRoot=false -DDetectVMInstallationsJob.disabled=true -Dfile.encoding=utf8 -XX:+UseParallelGC -XX:GCTimeRatio=4 -XX:AdaptiveSizePolicyWeight=90 -Dsun.zip.disableMemoryMapping=true -Xmx2G -Xms100m -Xlog:disable -javaagent:c:\Users\enriq\.vscode-insiders\extensions\redhat.java-1.55.0-win32-x64\lombok\lombok-1.18.39-4050.jar c:\Users\enriq\.vscode-insiders\extensions\redhat.java-1.55.0-win32-x64\server\plugins\org.eclipse.equinox.launcher_1.7.200.v20260619-2039.jar -configuration c:\Users\enriq\AppData\Roaming\Code - Insiders\User\globalStorage\redhat.java\1.55.0\config_ss_win -data c:\Users\enriq\AppData\Roaming\Code - Insiders\User\workspaceStorage\f8b6e8e432969b00c34a4d2a739117ff\redhat.java\ss_ws --pipe=\\.\pipe\lsp-e34c6376cac071964b86a35981b866f2-sock

Host: 12th Gen Intel(R) Core(TM) i3-1215U, 8 cores, 7G,  Windows 11 , 64 bit Build 26100 (10.0.26100.8875)
Time: Wed Aug 19 12:24:25 2026 Hora est. Pacífico, Sudamérica elapsed time: 3.954040 seconds (0d 0h 0m 3s)

---------------  T H R E A D  ---------------

Current thread (0x000002be979ffda0):  JavaThread "Start Level: Equinox Container: 3c63e3a9-6734-4c20-8e13-d78331919f08" daemon [_thread_in_vm, id=1844, stack(0x000000ef12f00000,0x000000ef13000000) (1024K)]

Stack: [0x000000ef12f00000,0x000000ef13000000]
Native frames: (J=compiled Java code, j=interpreted, Vv=VM code, C=native code)
V  [jvm.dll+0x6d7e19]
V  [jvm.dll+0x8b5096]
V  [jvm.dll+0x8b764e]
V  [jvm.dll+0x8b7d33]
V  [jvm.dll+0x284596]
V  [jvm.dll+0x8b0dde]
V  [jvm.dll+0x6795e4]
V  [jvm.dll+0x67964a]
V  [jvm.dll+0x67be46]
V  [jvm.dll+0x67bd12]
V  [jvm.dll+0x679fbe]
V  [jvm.dll+0x68b0bd]
V  [jvm.dll+0x68443e]
V  [jvm.dll+0x3dd7c1]
C  0x000002be43f4b930

The last pc belongs to method entry point (kind = zerolocals) (printed below).
Java frames: (J=compiled Java code, j=interpreted, Vv=VM code)
j  sun.security.provider.AbstractDrbg.getStandardStrength(I)I+0 java.base@21.0.11
j  sun.security.provider.AbstractHashDrbg.chooseAlgorithmAndStrength()V+127 java.base@21.0.11
j  sun.security.provider.AbstractDrbg.configure(Ljava/security/SecureRandomParameters;)V+332 java.base@21.0.11
j  sun.security.provider.HashDrbg.<init>(Ljava/security/SecureRandomParameters;)V+12 java.base@21.0.11
j  sun.security.provider.DRBG.createImpl()V+133 java.base@21.0.11
j  sun.security.provider.DRBG.<init>(Ljava/security/SecureRandomParameters;)V+845 java.base@21.0.11
J 2539 c1 java.lang.invoke.DirectMethodHandle$Holder.newInvokeSpecial(Ljava/lang/Object;Ljava/lang/Object;)Ljava/lang/Object; java.base@21.0.11 (21 bytes) @ 0x000002be3cecf444 [0x000002be3cecee00+0x0000000000000644]
j  java.lang.invoke.LambdaForm$MH+0x000002be52014c00.invoke(Ljava/lang/Object;Ljava/lang/Object;)Ljava/lang/Object;+31 java.base@21.0.11
J 1257 c1 jdk.internal.reflect.DirectConstructorHandleAccessor.newInstance([Ljava/lang/Object;)Ljava/lang/Object; java.base@21.0.11 (130 bytes) @ 0x000002be3cc1589c [0x000002be3cc14780+0x000000000000111c]
J 1253 c1 java.lang.reflect.Constructor.newInstanceWithCaller([Ljava/lang/Object;ZLjava/lang/Class;)Ljava/lang/Object; java.base@21.0.11 (51 bytes) @ 0x000002be3cc1274c [0x000002be3cc12560+0x00000000000001ec]
J 1399 c1 java.security.Provider$Service.newInstanceUtil(Ljava/lang/Class;Ljava/lang/Object;)Ljava/lang/Object; java.base@21.0.11 (60 bytes) @ 0x000002be3cc61c1c [0x000002be3cc61460+0x00000000000007bc]
J 1398 c1 java.security.Provider$Service.newInstance(Ljava/lang/Object;)Ljava/lang/Object; java.base@21.0.11 (354 bytes) @ 0x000002be3cc5d7fc [0x000002be3cc5ce20+0x00000000000009dc]
j  java.security.SecureRandom.getDefaultPRNG(Z[B)V+125 java.base@21.0.11
j  java.security.SecureRandom.<init>()V+23 java.base@21.0.11
j  java.util.UUID$Holder.<clinit>()V+4 java.base@21.0.11
v  ~StubRoutines::call_stub 0x000002be43f4100d
j  java.util.UUID.randomUUID()Ljava/util/UUID;+0 java.base@21.0.11
j  org.eclipse.jdt.ls.core.internal.preferences.Preferences.<clinit>()V+0
v  ~StubRoutines::call_stub 0x000002be43f4100d
j  org.eclipse.jdt.ls.core.internal.preferences.PreferenceManager.<init>()V+5
j  org.eclipse.jdt.ls.core.internal.JavaLanguageServerPlugin.start(Lorg/osgi/framework/BundleContext;)V+50
j  org.eclipse.osgi.internal.framework.BundleContextImpl$2.run()Ljava/lang/Void;+23
j  org.eclipse.osgi.internal.framework.BundleContextImpl$2.run()Ljava/lang/Object;+1
J 1164 c1 java.security.AccessController.executePrivileged(Ljava/security/PrivilegedExceptionAction;Ljava/security/AccessControlContext;Ljava/lang/Class;)Ljava/lang/Object; java.base@21.0.11 (65 bytes) @ 0x000002be3cbe8dc4 [0x000002be3cbe8c60+0x0000000000000164]
j  java.security.AccessController.doPrivileged(Ljava/security/PrivilegedExceptionAction;)Ljava/lang/Object;+9 java.base@21.0.11
j  org.eclipse.osgi.internal.framework.BundleContextImpl.startActivator(Lorg/osgi/framework/BundleActivator;)V+9
j  org.eclipse.osgi.internal.framework.BundleContextImpl.start()V+141
j  org.eclipse.osgi.internal.framework.EquinoxBundle.startWorker0()V+35
j  org.eclipse.osgi.internal.framework.EquinoxBundle$EquinoxModule.startWorker()V+4
j  org.eclipse.osgi.container.Module.doStart([Lorg/eclipse/osgi/container/Module$StartOptions;)Lorg/eclipse/osgi/container/ModuleContainerAdaptor$ModuleEvent;+200
j  org.eclipse.osgi.container.Module.start([Lorg/eclipse/osgi/container/Module$StartOptions;)V+460
j  org.eclipse.osgi.container.ModuleContainer$ContainerStartLevel$2.run()V+83
j  org.eclipse.osgi.internal.framework.EquinoxContainerAdaptor$1$1.execute(Ljava/lang/Runnable;)V+1
j  org.eclipse.osgi.container.ModuleContainer$ContainerStartLevel.incStartLevel(ILjava/util/List;Z)V+193
j  org.eclipse.osgi.container.ModuleContainer$ContainerStartLevel.incStartLevel(ILjava/util/List;Ljava/util/List;Ljava/util/List;Ljava/util/List;)V+19
j  org.eclipse.osgi.container.ModuleContainer$ContainerStartLevel.doContainerStartLevel(Lorg/eclipse/osgi/container/Module;I[Lorg/osgi/framework/FrameworkListener;)V+358
j  org.eclipse.osgi.container.ModuleContainer$ContainerStartLevel.dispatchEvent(Lorg/eclipse/osgi/container/Module;[Lorg/osgi/framework/FrameworkListener;ILjava/lang/Integer;)V+32
j  org.eclipse.osgi.container.ModuleContainer$ContainerStartLevel.dispatchEvent(Ljava/lang/Object;Ljava/lang/Object;ILjava/lang/Object;)V+15
j  org.eclipse.osgi.framework.eventmgr.EventManager.dispatchEvent(Ljava/util/Set;Lorg/eclipse/osgi/framework/eventmgr/EventDispatcher;ILjava/lang/Object;)V+48
j  org.eclipse.osgi.framework.eventmgr.EventManager$EventThread.run()V+26
v  ~StubRoutines::call_stub 0x000002be43f4100d
method entry point (kind = zerolocals)  [0x000002be43f4b740, 0x000002be43f4bb08]  968 bytes
[MachCode]
  0x000002be43f4b740: 488b 5308 | 0fb7 4a2e | 0fb7 522c | 2bd1 81fa | f501 0000 | 0f86 2500 | 0000 488b | c248 c1e0 
  0x000002be43f4b760: 0348 83c0 | 5849 0387 | d004 0000 | 483b e00f | 870a 0000 | 0058 498b | e550 e901 | afff ff58 
  0x000002be43f4b780: 4c8d 74cc | f885 d20f | 8e09 0000 | 0068 0000 | 0000 ffca | 7ff7 5055 | 488b ec41 | 5568 0000 
  0x000002be43f4b7a0: 0000 4c8b | 6b08 4d8d | 6d38 5348 | 8b53 0848 | 8b52 0848 | 8b52 1848 | 8b52 7048 | 8b12 5248 
  0x000002be43f4b7c0: 8b53 1048 | 85d2 0f84 | 0700 0000 | 4881 c208 | 0100 0052 | 488b 5308 | 488b 5208 | 488b 5210 
  0x000002be43f4b7e0: 5249 8bc6 | 482b c548 | c1e8 0350 | 4155 6800 | 0000 0048 | 8924 2441 | c687 7904 | 0000 0148 
  0x000002be43f4b800: 8b45 d848 | 85c0 0f84 | 9100 0000 | 8b48 fc85 | c90f 8886 | 0000 0048 | 03c1 488b | 4808 4883 
  0x000002be43f4b820: e902 488b | 54c8 1048 | f7da 498b | 14d6 4885 | d275 10f6 | 44c8 1801 | 755d f048 | 834c c818 
  0x000002be43f4b840: 01eb 548b | 5208 49ba | 0000 0051 | be02 0000 | 4903 d24c | 8bd2 4833 | 54c8 1848 | f7c2 fcff 
  0x000002be43f4b860: ffff 7433 | f6c2 0275 | 2e48 837c | c818 0074 | 2148 837c | c818 0174 | 1949 8bd2 | 4833 54c8 
  0x000002be43f4b880: 1848 f7c2 | fcff ffff | 740d 4883 | 4cc8 1802 | eb05 4889 | 54c8 1848 | 83e9 0279 | 8548 8b43 
  0x000002be43f4b8a0: 1048 85c0 | 7420 8b88 | cc00 0000 | 83c1 0289 | 88cc 0000 | 0023 88e0 | 0000 000f | 8496 0100 
  0x000002be43f4b8c0: 00e9 cf00 | 0000 488b | 4318 4885 | c00f 85b0 | 0000 00e8 | 0500 0000 | e999 0000 | 0048 8bd3 
  0x000002be43f4b8e0: 488d 4424 | 084c 896d | c049 8bcf | c5f8 7749 | 89af b003 | 0000 4989 | 87a0 0300 | 0048 83ec 
  0x000002be43f4b900: 2040 f6c4 | 0f0f 8419 | 0000 0048 | 83ec 0848 | b8a0 d701 | 52fd 7f00 | 00ff d048 | 83c4 08e9 
  0x000002be43f4b920: 0c00 0000 | 48b8 a0d7 | 0152 fd7f | 0000 ffd0 | 4883 c420 | 49c7 87a0 | 0300 0000 | 0000 0049 
  0x000002be43f4b940: c787 b003 | 0000 0000 | 0000 49c7 | 87a8 0300 | 0000 0000 | 00c5 f877 | 4983 7f08 | 000f 8405 
  0x000002be43f4b960: 0000 00e9 | 9855 ffff | 4c8b 6dc0 | 4c8b 75c8 | 4e8d 74f5 | 00c3 488b | 4318 4885 | c00f 8412 
  0x000002be43f4b980: 0000 008b | 4808 83c1 | 0289 4808 | 2348 1c0f | 84c2 0000 | 0049 3ba7 | e804 0000 | 0f87 4800 
  0x000002be43f4b9a0: 0000 8984 | 2400 f0ff | ff89 8424 | 00e0 ffff | 8984 2400 | d0ff ff89 | 8424 00c0 | ffff 8984 
  0x000002be43f4b9c0: 2400 b0ff | ff89 8424 | 00a0 ffff | 8984 2400 | 90ff ff89 | 8424 0080 | ffff 493b | a7e0 0400 
  0x000002be43f4b9e0: 0076 0749 | 89a7 e804 | 0000 41c6 | 8779 0400 | 0000 49ba | c66c 8e52 | fd7f 0000 | 4180 3a00 
  0x000002be43f4ba00: 0f84 3e00 | 0000 488b | 55e8 498b | cf48 83ec | 2040 f6c4 | 0f0f 8419 | 0000 0048 | 83ec 0848 
  0x000002be43f4ba20: b820 e537 | 52fd 7f00 | 00ff d048 | 83c4 08e9 | 0c00 0000 | 48b8 20e5 | 3752 fd7f | 0000 ffd0 
  0x000002be43f4ba40: 4883 c420 | 410f b65d | 0049 ba10 | 3d91 52fd | 7f00 0041 | ff24 daba | 0000 0000 | e805 0000 
  0x000002be43f4ba60: 00e9 9600 | 0000 488d | 4424 084c | 896d c049 | 8bcf c5f8 | 7749 89af | b003 0000 | 4989 87a0 
  0x000002be43f4ba80: 0300 0048 | 83ec 2040 | f6c4 0f0f | 8419 0000 | 0048 83ec | 0848 b860 | e201 52fd | 7f00 00ff 
  0x000002be43f4baa0: d048 83c4 | 08e9 0c00 | 0000 48b8 | 60e2 0152 | fd7f 0000 | ffd0 4883 | c420 49c7 | 87a0 0300 
  0x000002be43f4bac0: 0000 0000 | 0049 c787 | b003 0000 | 0000 0000 | 49c7 87a8 | 0300 0000 | 0000 00c5 | f877 4983 
  0x000002be43f4bae0: 7f08 000f | 8405 0000 | 00e9 1254 | ffff 4c8b | 6dc0 4c8b | 75c8 4e8d | 74f5 00c3 | 488b 5de8 
  0x000002be43f4bb00: e990 feff | ff66 6690 
[/MachCode]

Compiled method (c1) 4022 2539       3       java.lang.invoke.DirectMethodHandle$Holder::newInvokeSpecial (21 bytes)
 total in heap  [0x000002be3cecec10,0x000002be3cecf6f8] = 2792
 relocation     [0x000002be3ceced70,0x000002be3cecee00] = 144
 main code      [0x000002be3cecee00,0x000002be3cecf520] = 1824
 stub code      [0x000002be3cecf520,0x000002be3cecf580] = 96
 metadata       [0x000002be3cecf580,0x000002be3cecf598] = 24
 scopes data    [0x000002be3cecf598,0x000002be3cecf628] = 144
 scopes pcs     [0x000002be3cecf628,0x000002be3cecf6d8] = 176
 dependencies   [0x000002be3cecf6d8,0x000002be3cecf6e0] = 8
 nul chk table  [0x000002be3cecf6e0,0x000002be3cecf6f8] = 24

[Constant Pool (empty)]

[MachCode]
[Verified Entry Point]
  # {method} {0x000002be510b4000} 'newInvokeSpecial' '(Ljava/lang/Object;Ljava/lang/Object;)Ljava/lang/Object;' in 'java/lang/invoke/DirectMethodHandle$Holder'
  # parm0:    rdx:rdx   = 'java/lang/Object'
  # parm1:    r8:r8     = 'java/lang/Object'
  #           [sp+0x70]  (sp of caller)
  0x000002be3cecee00: 8984 2400 | 80ff ff55 | 4883 ec60 | 4181 7f20 | 0200 0000 

  0x000002be3cecee14: ;   {runtime_call StubRoutines (final stubs)}
  0x000002be3cecee14: 7405 e8c5 

  0x000002be3cecee18: ;   {metadata(method data for {method} {0x000002be510b4000} 'newInvokeSpecial' '(Ljava/lang/Object;Ljava/lang/Object;)Ljava/lang/Object;' in 'java/lang/invoke/DirectMethodHandle$Holder')}
  0x000002be3cecee18: 9b0a 0748 | be08 75d2 | 93be 0200 | 0048 8db6 | 4002 0000 | 4885 d275 | 0cf6 0601 | 754d f048 
  0x000002be3cecee38: 830e 01eb | 468b 7a08 | 49ba 0000 | 0051 be02 | 0000 4903 | fa4c 8bd7 | 4833 3e48 | f7c7 fcff 
  0x000002be3cecee58: ffff 7427 | 40f6 c702 | 7521 48f7 | 06fe ffff | ff74 1549 | 8bfa 4833 | 3e48 f7c7 | fcff ffff 
  0x000002be3cecee78: 7409 4883 | 0e02 eb03 | 4889 3e4d | 85c0 750e | f646 1001 | 7554 f048 | 834e 1001 | eb4c 418b 
  0x000002be3cecee98: 7808 49ba | 0000 0051 | be02 0000 | 4903 fa4c | 8bd7 4833 | 7e10 48f7 | c7fc ffff | ff74 2b40 
  0x000002be3ceceeb8: f6c7 0275 | 2548 f746 | 10fe ffff | ff74 1749 | 8bfa 4833 | 7e10 48f7 | c7fc ffff | ff74 0b48 
  0x000002be3ceceed8: 834e 1002 | eb04 4889 

  0x000002be3ceceee0: ;   {metadata(method data for {method} {0x000002be510b4000} 'newInvokeSpecial' '(Ljava/lang/Object;Ljava/lang/Object;)Ljava/lang/Object;' in 'java/lang/invoke/DirectMethodHandle$Holder')}
  0x000002be3ceceee0: 7e10 48be | 0875 d293 | be02 0000 | 8bbe cc00 | 0000 83c7 | 0289 becc | 0000 0081 | e7fe 0700 
  0x000002be3cecef00: 0085 ff0f | 845b 0500 | 004c 8944 

  0x000002be3cecef0c: ;   {metadata(method data for {method} {0x000002be510b4000} 'newInvokeSpecial' '(Ljava/lang/Object;Ljava/lang/Object;)Ljava/lang/Object;' in 'java/lang/invoke/DirectMethodHandle$Holder')}
  0x000002be3cecef0c: 2440 48be | 0875 d293 | be02 0000 | 488d b620 | 0100 0048 | 85d2 750e | f646 0801 | 7553 f048 
  0x000002be3cecef2c: 834e 0801 | eb4b 8b7a | 0849 ba00 | 0000 51be | 0200 0049 | 03fa 4c8b | d748 337e | 0848 f7c7 
  0x000002be3cecef4c: fcff ffff | 742b 40f6 | c702 7525 | 48f7 4608 | feff ffff | 7417 498b | fa48 337e | 0848 f7c7 
  0x000002be3cecef6c: fcff ffff | 740b 4883 | 4e08 02eb | 0448 897e 

  0x000002be3cecef7c: ;   {metadata(method data for {method} {0x000002be510b4000} 'newInvokeSpecial' '(Ljava/lang/Object;Ljava/lang/Object;)Ljava/lang/Object;' in 'java/lang/invoke/DirectMethodHandle$Holder')}
  0x000002be3cecef7c: 0848 be08 | 75d2 93be | 0200 0048 | 8386 1001 

  0x000002be3cecef8c: ;   {metadata(method data for {method} {0x000002be510a0b60} 'allocateInstance' '(Ljava/lang/Object;)Ljava/lang/Object;' in 'java/lang/invoke/DirectMethodHandle')}
  0x000002be3cecef8c: 0000 0148 | bee8 e72f | 93be 0200 | 008b becc | 0000 0083 | c702 89be | cc00 0000 | 81e7 feff 
  0x000002be3cecefac: 1f00 85ff | 0f84 cf04 | 0000 4885 

  0x000002be3cecefb8: ;   {metadata(method data for {method} {0x000002be510a0b60} 'allocateInstance' '(Ljava/lang/Object;)Ljava/lang/Object;' in 'java/lang/invoke/DirectMethodHandle')}
  0x000002be3cecefb8: d275 1648 | bbe8 e72f | 93be 0200 | 0080 8b09 | 0100 0001 | e9cc 0000 

  0x000002be3cecefd0: ;   {metadata('java/lang/invoke/DirectMethodHandle$Constructor')}
  0x000002be3cecefd0: 0048 b890 | a514 51be | 0200 008b | 7a08 49ba | 0000 0051 | be02 0000 | 4903 fa48 | 3bc7 0f85 
  0x000002be3ceceff0: 8d00 0000 

  0x000002be3ceceff4: ;   {metadata(method data for {method} {0x000002be510a0b60} 'allocateInstance' '(Ljava/lang/Object;)Ljava/lang/Object;' in 'java/lang/invoke/DirectMethodHandle')}
  0x000002be3ceceff4: 48bb e8e7 | 2f93 be02 | 0000 8b42 | 0849 ba00 | 0000 51be | 0200 0049 | 03c2 483b | 8320 0100 
  0x000002be3cecf014: 0075 0d48 | 8383 2801 | 0000 01e9 | 7900 0000 | 483b 8330 | 0100 0075 | 0d48 8383 | 3801 0000 
  0x000002be3cecf034: 01e9 6300 | 0000 4883 | bb20 0100 | 0000 7517 | 4889 8320 | 0100 0048 | c783 2801 | 0000 0100 
  0x000002be3cecf054: 0000 e942 | 0000 0048 | 83bb 3001 | 0000 0075 | 1748 8983 | 3001 0000 | 48c7 8338 | 0100 0001 
  0x000002be3cecf074: 0000 00e9 | 2100 0000 | e91c 0000 

  0x000002be3cecf080: ;   {metadata(method data for {method} {0x000002be510a0b60} 'allocateInstance' '(Ljava/lang/Object;)Ljava/lang/Object;' in 'java/lang/invoke/DirectMethodHandle')}
  0x000002be3cecf080: 0048 bbe8 | e72f 93be | 0200 0048 | 83ab 1001 | 0000 01e9 | 0e04 0000 | e900 0000 | 0048 8bf2 
  0x000002be3cecf0a0: ; implicit exception: dispatches to 0x000002be3cecf4af
                      ;   {oop(a 'jdk/internal/misc/Unsafe'{0x0000000080000128})}
  0x000002be3cecf0a0: 8b76 2848 | bf28 0100 | 8000 0000 | 0048 8bdf 

  0x000002be3cecf0b0: ;   {metadata(method data for {method} {0x000002be510a0b60} 'allocateInstance' '(Ljava/lang/Object;)Ljava/lang/Object;' in 'java/lang/invoke/DirectMethodHandle')}
  0x000002be3cecf0b0: 48b8 e8e7 | 2f93 be02 | 0000 4883 | 8048 0100 | 0001 4c8b | c648 8954 | 2438 488b 

  0x000002be3cecf0cc: ;   {optimized virtual_call}
  0x000002be3cecf0cc: d766 90e8 

  0x000002be3cecf0d0: ; ImmutableOopMap {[56]=Oop [64]=Oop }
                      ;*invokevirtual allocateInstance {reexecute=0 rethrow=0 return_oop=0}
                      ; - java.lang.invoke.DirectMethodHandle::allocateInstance@12
                      ; - java.lang.invoke.DirectMethodHandle$Holder::newInvokeSpecial@1
  0x000002be3cecf0d0: ec30 6507 

  0x000002be3cecf0d4: ;   {other}
  0x000002be3cecf0d4: 0f1f 8400 | c404 0000 

  0x000002be3cecf0dc: ;   {metadata(method data for {method} {0x000002be510b4000} 'newInvokeSpecial' '(Ljava/lang/Object;Ljava/lang/Object;)Ljava/lang/Object;' in 'java/lang/invoke/DirectMethodHandle$Holder')}
  0x000002be3cecf0dc: 48ba 0875 | d293 be02 | 0000 488d | 9230 0100 | 0048 85c0 | 750c f602 | 0175 4ef0 | 4883 0a01 
  0x000002be3cecf0fc: eb47 448b | 4008 49ba | 0000 0051 | be02 0000 | 4d03 c24d | 8bd0 4c33 | 0249 f7c0 | fcff ffff 
  0x000002be3cecf11c: 7427 41f6 | c002 7521 | 48f7 02fe | ffff ff74 | 154d 8bc2 | 4c33 0249 | f7c0 fcff | ffff 7409 
  0x000002be3cecf13c: 4883 0a02 | eb03 4c89 

  0x000002be3cecf144: ;   {metadata(method data for {method} {0x000002be510b4000} 'newInvokeSpecial' '(Ljava/lang/Object;Ljava/lang/Object;)Ljava/lang/Object;' in 'java/lang/invoke/DirectMethodHandle$Holder')}
  0x000002be3cecf144: 0248 ba08 | 75d2 93be | 0200 0048 | 8d92 5001 | 0000 4c8b | 4424 384d | 85c0 750e | f642 0801 
  0x000002be3cecf164: 7554 f048 | 834a 0801 | eb4c 458b | 4808 49ba | 0000 0051 | be02 0000 | 4d03 ca4d | 8bd1 4c33 
  0x000002be3cecf184: 4a08 49f7 | c1fc ffff | ff74 2b41 | f6c1 0275 | 2548 f742 | 08fe ffff | ff74 174d | 8bca 4c33 
  0x000002be3cecf1a4: 4a08 49f7 | c1fc ffff | ff74 0b48 | 834a 0802 | eb04 4c89 

  0x000002be3cecf1b8: ;   {metadata(method data for {method} {0x000002be510b4000} 'newInvokeSpecial' '(Ljava/lang/Object;Ljava/lang/Object;)Ljava/lang/Object;' in 'java/lang/invoke/DirectMethodHandle$Holder')}
  0x000002be3cecf1b8: 4a08 48ba | 0875 d293 | be02 0000 | 4883 8240 | 0100 0001 

  0x000002be3cecf1cc: ;   {metadata(method data for {method} {0x000002be510a1608} 'constructorMethod' '(Ljava/lang/Object;)Ljava/lang/Object;' in 'java/lang/invoke/DirectMethodHandle')}
  0x000002be3cecf1cc: 48ba a8e9 | 2f93 be02 | 0000 448b | 8acc 0000 | 0041 83c1 | 0244 898a | cc00 0000 | 4181 e1fe 
  0x000002be3cecf1ec: ff1f 0045 | 85c9 0f84 | bc02 0000 | 4d85 c075 

  0x000002be3cecf1fc: ;   {metadata(method data for {method} {0x000002be510a1608} 'constructorMethod' '(Ljava/lang/Object;)Ljava/lang/Object;' in 'java/lang/invoke/DirectMethodHandle')}
  0x000002be3cecf1fc: 1749 b9a8 | e92f 93be | 0200 0041 | 8089 0901 | 0000 01e9 | ce00 0000 

  0x000002be3cecf214: ;   {metadata('java/lang/invoke/DirectMethodHandle$Constructor')}
  0x000002be3cecf214: 48be 90a5 | 1451 be02 | 0000 418b | 5008 49ba | 0000 0051 | be02 0000 | 4903 d248 | 3bf2 0f85 
  0x000002be3cecf234: 8e00 0000 

  0x000002be3cecf238: ;   {metadata(method data for {method} {0x000002be510a1608} 'constructorMethod' '(Ljava/lang/Object;)Ljava/lang/Object;' in 'java/lang/invoke/DirectMethodHandle')}
  0x000002be3cecf238: 49b9 a8e9 | 2f93 be02 | 0000 418b | 7008 49ba | 0000 0051 | be02 0000 | 4903 f249 | 3bb1 2001 
  0x000002be3cecf258: 0000 750d | 4983 8128 | 0100 0001 | e979 0000 | 0049 3bb1 | 3001 0000 | 750d 4983 | 8138 0100 
  0x000002be3cecf278: 0001 e963 | 0000 0049 | 83b9 2001 | 0000 0075 | 1749 89b1 | 2001 0000 | 49c7 8128 | 0100 0001 
  0x000002be3cecf298: 0000 00e9 | 4200 0000 | 4983 b930 | 0100 0000 | 7517 4989 | b130 0100 | 0049 c781 | 3801 0000 
  0x000002be3cecf2b8: 0100 0000 | e921 0000 | 00e9 1c00 

  0x000002be3cecf2c4: ;   {metadata(method data for {method} {0x000002be510a1608} 'constructorMethod' '(Ljava/lang/Object;)Ljava/lang/Object;' in 'java/lang/invoke/DirectMethodHandle')}
  0x000002be3cecf2c4: 0000 49b9 | a8e9 2f93 | be02 0000 | 4983 a910 | 0100 0001 | e9f8 0100 | 00e9 0000 | 0000 498b 
  0x000002be3cecf2e4: d044 8b4a 

  0x000002be3cecf2e8: ;   {metadata(method data for {method} {0x000002be510b4000} 'newInvokeSpecial' '(Ljava/lang/Object;Ljava/lang/Object;)Ljava/lang/Object;' in 'java/lang/invoke/DirectMethodHandle$Holder')}
  0x000002be3cecf2e8: 2448 ba08 | 75d2 93be | 0200 0048 | 8d92 6001 | 0000 4d85 | c975 0cf6 | 0201 7547 | f048 830a 
  0x000002be3cecf308: ;   {metadata('java/lang/invoke/MemberName')}
  0x000002be3cecf308: 01eb 4049 | b888 0f09 | 51be 0200 | 004d 8bd0 | 4c33 0249 | f7c0 fcff | ffff 7427 | 41f6 c002 
  0x000002be3cecf328: 7521 48f7 | 02fe ffff | ff74 154d | 8bc2 4c33 | 0249 f7c0 | fcff ffff | 7409 4883 | 0a02 eb03 
  0x000002be3cecf348: ;   {metadata(method data for {method} {0x000002be510b4000} 'newInvokeSpecial' '(Ljava/lang/Object;Ljava/lang/Object;)Ljava/lang/Object;' in 'java/lang/invoke/DirectMethodHandle$Holder')}
  0x000002be3cecf348: 4c89 0248 | ba08 75d2 | 93be 0200 | 0048 8d92 | b801 0000 | 4885 c075 | 0ef6 4208 | 0175 54f0 
  0x000002be3cecf368: 4883 4a08 | 01eb 4c44 | 8b40 0849 | ba00 0000 | 51be 0200 | 004d 03c2 | 4d8b d04c | 3342 0849 
  0x000002be3cecf388: f7c0 fcff | ffff 742b | 41f6 c002 | 7525 48f7 | 4208 feff | ffff 7417 | 4d8b c24c | 3342 0849 
  0x000002be3cecf3a8: f7c0 fcff | ffff 740b | 4883 4a08 | 02eb 044c | 8942 084c | 8b44 2440 | 4d85 c075 | 0ef6 4218 
  0x000002be3cecf3c8: 0175 54f0 | 4883 4a18 | 01eb 4c41 | 8b70 0849 | ba00 0000 | 51be 0200 | 0049 03f2 | 4c8b d648 
  0x000002be3cecf3e8: 3372 1848 | f7c6 fcff | ffff 742b | 40f6 c602 | 7525 48f7 | 4218 feff | ffff 7417 | 498b f248 
  0x000002be3cecf408: 3372 1848 | f7c6 fcff | ffff 740b | 4883 4a18 | 02eb 0448 

  0x000002be3cecf41c: ;   {metadata(method data for {method} {0x000002be510b4000} 'newInvokeSpecial' '(Ljava/lang/Object;Ljava/lang/Object;)Ljava/lang/Object;' in 'java/lang/invoke/DirectMethodHandle$Holder')}
  0x000002be3cecf41c: 8972 1848 | ba08 75d2 | 93be 0200 | 0048 8382 | a801 0000 | 0148 8bd0 | 4889 4424 | 4866 0f1f 
  0x000002be3cecf43c: ;   {static_call}
  0x000002be3cecf43c: 4400 00e8 

  0x000002be3cecf440: ; ImmutableOopMap {[72]=Oop }
                      ;*invokestatic linkToSpecial {reexecute=0 rethrow=0 return_oop=0}
                      ; - java.lang.invoke.DirectMethodHandle$Holder::newInvokeSpecial@16
  0x000002be3cecf440: bc6f 6107 

  0x000002be3cecf444: ;   {other}
  0x000002be3cecf444: 0f1f 8400 | 3408 0001 | 488b 4424 | 4848 83c4 

  0x000002be3cecf454: ;   {poll_return}
  0x000002be3cecf454: 605d 493b | a750 0400 | 000f 8780 | 0000 00c3 

  0x000002be3cecf464: ;   {metadata({method} {0x000002be510b4000} 'newInvokeSpecial' '(Ljava/lang/Object;Ljava/lang/Object;)Ljava/lang/Object;' in 'java/lang/invoke/DirectMethodHandle$Holder')}
  0x000002be3cecf464: 49ba f83f | 0b51 be02 | 0000 4c89 | 5424 0848 | c704 24ff 

  0x000002be3cecf478: ;   {runtime_call counter_overflow Runtime1 stub}
  0x000002be3cecf478: ffff ffe8 

  0x000002be3cecf47c: ; ImmutableOopMap {rdx=Oop r8=Oop }
                      ;*synchronization entry
                      ; - java.lang.invoke.DirectMethodHandle$Holder::newInvokeSpecial@-1
  0x000002be3cecf47c: 802e 1707 | e984 faff 

  0x000002be3cecf484: ;   {metadata({method} {0x000002be510a0b60} 'allocateInstance' '(Ljava/lang/Object;)Ljava/lang/Object;' in 'java/lang/invoke/DirectMethodHandle')}
  0x000002be3cecf484: ff49 ba58 | 0b0a 51be | 0200 004c | 8954 2408 | 48c7 0424 | ffff ffff 

  0x000002be3cecf49c: ;   {runtime_call counter_overflow Runtime1 stub}
  0x000002be3cecf49c: e85f 2e17 

  0x000002be3cecf4a0: ; ImmutableOopMap {rdx=Oop [64]=Oop }
                      ;*synchronization entry
                      ; - java.lang.invoke.DirectMethodHandle::allocateInstance@-1
                      ; - java.lang.invoke.DirectMethodHandle$Holder::newInvokeSpecial@1
  0x000002be3cecf4a0: 07e9 10fb | ffff 4889 

  0x000002be3cecf4a8: ;   {runtime_call throw_class_cast_exception Runtime1 stub}
  0x000002be3cecf4a8: 1424 e851 

  0x000002be3cecf4ac: ; ImmutableOopMap {rdx=Oop [64]=Oop }
                      ;*checkcast {reexecute=0 rethrow=0 return_oop=0}
                      ; - java.lang.invoke.DirectMethodHandle::allocateInstance@1
                      ; - java.lang.invoke.DirectMethodHandle$Holder::newInvokeSpecial@1
                      ;   {runtime_call throw_null_pointer_exception Runtime1 stub}
  0x000002be3cecf4ac: 0117 07e8 

  0x000002be3cecf4b0: ; ImmutableOopMap {rdx=Oop [64]=Oop }
                      ;*getfield instanceClass {reexecute=1 rethrow=0 return_oop=0}
                      ; - (reexecute) java.lang.invoke.DirectMethodHandle::allocateInstance@9
                      ; - java.lang.invoke.DirectMethodHandle$Holder::newInvokeSpecial@1
  0x000002be3cecf4b0: 4cdd 1607 

  0x000002be3cecf4b4: ;   {metadata({method} {0x000002be510a1608} 'constructorMethod' '(Ljava/lang/Object;)Ljava/lang/Object;' in 'java/lang/invoke/DirectMethodHandle')}
  0x000002be3cecf4b4: 49ba 0016 | 0a51 be02 | 0000 4c89 | 5424 0848 | c704 24ff 

  0x000002be3cecf4c8: ;   {runtime_call counter_overflow Runtime1 stub}
  0x000002be3cecf4c8: ffff ffe8 

  0x000002be3cecf4cc: ; ImmutableOopMap {rax=Oop r8=Oop [64]=Oop }
                      ;*synchronization entry
                      ; - java.lang.invoke.DirectMethodHandle::constructorMethod@-1
                      ; - java.lang.invoke.DirectMethodHandle$Holder::newInvokeSpecial@6
  0x000002be3cecf4cc: 302e 1707 | e923 fdff | ff4c 8904 

  0x000002be3cecf4d8: ;   {runtime_call throw_class_cast_exception Runtime1 stub}
  0x000002be3cecf4d8: 24e8 2201 

  0x000002be3cecf4dc: ; ImmutableOopMap {rax=Oop [64]=Oop }
                      ;*checkcast {reexecute=0 rethrow=0 return_oop=0}
                      ; - java.lang.invoke.DirectMethodHandle::constructorMethod@1
                      ; - java.lang.invoke.DirectMethodHandle$Holder::newInvokeSpecial@6
                      ;   {runtime_call throw_null_pointer_exception Runtime1 stub}
  0x000002be3cecf4dc: 1707 e81d 

  0x000002be3cecf4e0: ; ImmutableOopMap {rax=Oop [64]=Oop }
                      ;*getfield initMethod {reexecute=1 rethrow=0 return_oop=0}
                      ; - (reexecute) java.lang.invoke.DirectMethodHandle::constructorMethod@6
                      ; - java.lang.invoke.DirectMethodHandle$Holder::newInvokeSpecial@6
                      ;   {internal_word}
  0x000002be3cecf4e0: dd16 0749 | ba56 f4ec | 3cbe 0200 | 004d 8997 | 6804 0000 

  0x000002be3cecf4f4: ;   {runtime_call SafepointBlob}
  0x000002be3cecf4f4: e907 560c | 0749 8b87 | 0005 0000 | 49c7 8700 | 0500 0000 | 0000 0049 | c787 0805 | 0000 0000 
  0x000002be3cecf514: 0000 4883 

  0x000002be3cecf518: ;   {runtime_call unwind_exception Runtime1 stub}
  0x000002be3cecf518: c460 5de9 | e0cd 1607 
[Stub Code]
  0x000002be3cecf520: ;   {no_reloc}
  0x000002be3cecf520: 48bb 0000 | 0000 0000 

  0x000002be3cecf528: ;   {runtime_call nmethod}
  0x000002be3cecf528: 0000 e9fb 

  0x000002be3cecf52c: ;   {static_stub}
  0x000002be3cecf52c: ffff ff48 | bb00 0000 | 0000 0000 

  0x000002be3cecf538: ;   {runtime_call nmethod}
  0x000002be3cecf538: 00e9 fbff 

  0x000002be3cecf53c: ;   {runtime_call handle_exception_from_callee Runtime1 stub}
  0x000002be3cecf53c: ffff e8bd 

  0x000002be3cecf540: ;   {external_word}
  0x000002be3cecf540: fa16 0748 | b940 6364 | 52fd 7f00 | 0048 83e4 

  0x000002be3cecf550: ;   {runtime_call}
  0x000002be3cecf550: f048 b8d0 | c426 52fd | 7f00 00ff 

  0x000002be3cecf55c: ;   {section_word}
  0x000002be3cecf55c: d0f4 49ba | 5ef5 ec3c | be02 0000 

  0x000002be3cecf568: ;   {runtime_call DeoptimizationBlob}
  0x000002be3cecf568: 4152 e931 

  0x000002be3cecf56c: ;   {section_word}
  0x000002be3cecf56c: 480c 0749 | ba6f f5ec | 3cbe 0200 

  0x000002be3cecf578: ;   {runtime_call DeoptimizationBlob}
  0x000002be3cecf578: 0041 52e9 | 2048 0c07 
[/MachCode]


Compiled method (c1) 4055 1257   !   3       jdk.internal.reflect.DirectConstructorHandleAccessor::newInstance (130 bytes)
 total in heap  [0x000002be3cc14290,0x000002be3cc182d0] = 16448
 relocation     [0x000002be3cc143f0,0x000002be3cc14770] = 896
 main code      [0x000002be3cc14780,0x000002be3cc16e28] = 9896
 stub code      [0x000002be3cc16e28,0x000002be3cc16f98] = 368
 oops           [0x000002be3cc16f98,0x000002be3cc16fc0] = 40
 metadata       [0x000002be3cc16fc0,0x000002be3cc17048] = 136
 scopes data    [0x000002be3cc17048,0x000002be3cc174f0] = 1192
 scopes pcs     [0x000002be3cc174f0,0x000002be3cc17ac0] = 1488
 dependencies   [0x000002be3cc17ac0,0x000002be3cc17ae8] = 40
 handler table  [0x000002be3cc17ae8,0x000002be3cc18238] = 1872
 nul chk table  [0x000002be3cc18238,0x000002be3cc182d0] = 152

[Constant Pool (empty)]

[MachCode]
[Entry Point]
  # {method} {0x000002be5119d078} 'newInstance' '([Ljava/lang/Object;)Ljava/lang/Object;' in 'jdk/internal/reflect/DirectConstructorHandleAccessor'
  # this:     rdx:rdx   = 'jdk/internal/reflect/DirectConstructorHandleAccessor'
  # parm0:    r8:r8     = '[Ljava/lang/Object;'
  #           [sp+0x150]  (sp of caller)
  0x000002be3cc14780: 448b 5208 | 49bb 0000 | 0051 be02 | 0000 4d03 | d34c 3bd0 

  0x000002be3cc14794: ;   {runtime_call ic_miss_stub}
  0x000002be3cc14794: 0f85 e69c | 3707 660f | 1f44 0000 
[Verified Entry Point]
  0x000002be3cc147a0: 8984 2400 | 80ff ff55 | 4881 ec40 | 0100 0090 | 4181 7f20 | 0200 0000 

  0x000002be3cc147b8: ;   {runtime_call StubRoutines (final stubs)}
  0x000002be3cc147b8: 7405 e821 | 4236 0748 | 8994 24a0 

  0x000002be3cc147c4: ;   {metadata(method data for {method} {0x000002be5119d078} 'newInstance' '([Ljava/lang/Object;)Ljava/lang/Object;' in 'jdk/internal/reflect/DirectConstructorHandleAccessor')}
  0x000002be3cc147c4: 0000 0049 | b9d8 dc34 | 93be 0200 | 0041 8bb1 | cc00 0000 | 83c6 0241 | 89b1 cc00 | 0000 81e6 
  0x000002be3cc147e4: fe07 0000 | 85f6 0f84 | b120 0000 

  0x000002be3cc147f0: ;   {metadata(method data for {method} {0x000002be5119d078} 'newInstance' '([Ljava/lang/Object;)Ljava/lang/Object;' in 'jdk/internal/reflect/DirectConstructorHandleAccessor')}
  0x000002be3cc147f0: 4d85 c049 | b9d8 dc34 | 93be 0200 | 0048 c7c6 | 1001 0000 | 7407 48c7 | c620 0100 | 0049 8b3c 
  0x000002be3cc14810: 3148 8d7f | 0149 893c | 310f 8419 | 0000 0045 

  0x000002be3cc14820: ;   {metadata(method data for {method} {0x000002be5119d078} 'newInstance' '([Ljava/lang/Object;)Ljava/lang/Object;' in 'jdk/internal/reflect/DirectConstructorHandleAccessor')}
  0x000002be3cc14820: 8b48 0c48 | bed8 dc34 | 93be 0200 | 00ff 8630 | 0100 00e9 | 0600 0000 | 41b9 0000 | 0000 8b72 
  0x000002be3cc14840: 0c44 3bce 

  0x000002be3cc14844: ;   {metadata(method data for {method} {0x000002be5119d078} 'newInstance' '([Ljava/lang/Object;)Ljava/lang/Object;' in 'jdk/internal/reflect/DirectConstructorHandleAccessor')}
  0x000002be3cc14844: 48bf d8dc | 3493 be02 | 0000 48c7 | c358 0100 | 0075 0748 | c7c3 4801 | 0000 488b | 041f 488d 
  0x000002be3cc14864: 4001 4889 | 041f 0f85 | e91a 0000 

  0x000002be3cc14870: ;   {metadata(method data for {method} {0x000002be5119d078} 'newInstance' '([Ljava/lang/Object;)Ljava/lang/Object;' in 'jdk/internal/reflect/DirectConstructorHandleAccessor')}
  0x000002be3cc14870: 4c8b ca48 | bfd8 dc34 | 93be 0200 

  0x000002be3cc1487c: ;   {metadata('jdk/internal/reflect/DirectConstructorHandleAccessor')}
  0x000002be3cc1487c: 0049 ba38 | ce19 51be | 0200 004c | 8997 b002 | 0000 4883 | 87b8 0200 

  0x000002be3cc14894: ;   {metadata(method data for {method} {0x000002be5119d0d0} 'invokeImpl' '([Ljava/lang/Object;)Ljava/lang/Object;' in 'jdk/internal/reflect/DirectConstructorHandleAccessor')}
  0x000002be3cc14894: 0001 49b9 | 00e1 3493 | be02 0000 | 418b b9cc | 0000 0083 | c702 4189 | b9cc 0000 | 0081 e7fe 
  0x000002be3cc148b4: ff1f 0085 | ff0f 8408 

  0x000002be3cc148bc: ;   {metadata(method data for {method} {0x000002be5119d0d0} 'invokeImpl' '([Ljava/lang/Object;)Ljava/lang/Object;' in 'jdk/internal/reflect/DirectConstructorHandleAccessor')}
  0x000002be3cc148bc: 2000 0049 | b900 e134 | 93be 0200 | 0048 c7c7 | 1801 0000 | 85f6 488b | df48 c7c7 | 2801 0000 
  0x000002be3cc148dc: 480f 45fb | 83fe 0148 | 8bdf 48c7 | c738 0100 | 0048 0f45 | fb83 fe02 | 488b df48 | c7c7 4801 
  0x000002be3cc148fc: 0000 480f | 45fb 83fe | 0348 8bdf | 48c7 c758 | 0100 0048 | 0f45 fb49 | 8b1c 3949 | c7c2 0100 
  0x000002be3cc1491c: 0000 4903 | da49 891c | 3985 f60f | 846d 1000 | 0083 fe01 | 0f84 840a | 0000 83fe | 020f 8403 
  0x000002be3cc1493c: 0400 0083 | fe03 0f84 | ac01 0000 | 8b72 100f | 1f44 0000 

  0x000002be3cc14950: ;   {oop(a 'java/lang/invoke/MethodType'{0x00000000806e9d00} = ([Ljava/lang/Object;)Ljava/lang/Object;)}
  0x000002be3cc14950: 49b9 009d | 6e80 0000 | 0000 483b 

  0x000002be3cc1495c: ;   {metadata(method data for {method} {0x000002be5119d0d0} 'invokeImpl' '([Ljava/lang/Object;)Ljava/lang/Object;' in 'jdk/internal/reflect/DirectConstructorHandleAccessor')}
  0x000002be3cc1495c: 0648 bf00 | e134 93be | 0200 0048 | 8dbf 7803 | 0000 4d85 | c075 0ef6 | 4708 0175 | 53f0 4883 
  0x000002be3cc1497c: 4f08 01eb | 4b41 8b58 | 0849 ba00 | 0000 51be | 0200 0049 | 03da 4c8b | d348 335f | 0848 f7c3 
  0x000002be3cc1499c: fcff ffff | 742a f6c3 | 0275 2548 | f747 08fe | ffff ff74 | 1749 8bda | 4833 5f08 | 48f7 c3fc 
  0x000002be3cc149bc: ffff ff74 | 0b48 834f | 0802 eb04 | 4889 5f08 

  0x000002be3cc149cc: ;   {metadata(method data for {method} {0x000002be5119d0d0} 'invokeImpl' '([Ljava/lang/Object;)Ljava/lang/Object;' in 'jdk/internal/reflect/DirectConstructorHandleAccessor')}
  0x000002be3cc149cc: 488b fe48 | bb00 e134 | 93be 0200 | 008b 7f08 | 49ba 0000 | 0051 be02 | 0000 4903 | fa48 3bbb 
  0x000002be3cc149ec: 5003 0000 | 750d 4883 | 8358 0300 | 0001 e960 | 0000 0048 | 3bbb 6003 | 0000 750d | 4883 8368 
  0x000002be3cc14a0c: 0300 0001 | e94a 0000 | 0048 83bb | 5003 0000 | 0075 1748 | 89bb 5003 | 0000 48c7 | 8358 0300 
  0x000002be3cc14a2c: 0001 0000 | 00e9 2900 | 0000 4883 | bb60 0300 | 0000 7517 | 4889 bb60 | 0300 0048 | c783 6803 
  0x000002be3cc14a4c: 0000 0100 | 0000 e908 | 0000 0048 | 8383 4003 | 0000 0148 | 8bd6 0f1f 

  0x000002be3cc14a64: ;   {optimized virtual_call}
  0x000002be3cc14a64: 4400 00e8 

  0x000002be3cc14a68: ; ImmutableOopMap {[160]=Oop }
                      ;*invokevirtual invokeExact {reexecute=0 rethrow=0 return_oop=0}
                      ; - jdk.internal.reflect.DirectConstructorHandleAccessor::invokeImpl@99
                      ; - jdk.internal.reflect.DirectConstructorHandleAccessor::newInstance@60
  0x000002be3cc14a68: 3460 0700 

  0x000002be3cc14a6c: ;   {other}
  0x000002be3cc14a6c: 0f1f 8400 | dc07 0000 

  0x000002be3cc14a74: ;   {metadata(method data for {method} {0x000002be5119d0d0} 'invokeImpl' '([Ljava/lang/Object;)Ljava/lang/Object;' in 'jdk/internal/reflect/DirectConstructorHandleAccessor')}
  0x000002be3cc14a74: 49b8 00e1 | 3493 be02 | 0000 4d8d | 8088 0300 | 0048 85c0 | 750d 41f6 | 0001 754e | f049 8308 
  0x000002be3cc14a94: 01eb 4744 | 8b48 0849 | ba00 0000 | 51be 0200 | 004d 03ca | 4d8b d14d | 3308 49f7 | c1fc ffff 
  0x000002be3cc14ab4: ff74 2741 | f6c1 0275 | 2149 f700 | feff ffff | 7415 4d8b | ca4d 3308 | 49f7 c1fc | ffff ff74 
  0x000002be3cc14ad4: 0949 8308 | 02eb 034d | 8908 4881 | c440 0100 

  0x000002be3cc14ae4: ;   {poll_return}
  0x000002be3cc14ae4: 005d 493b | a750 0400 | 000f 8713 | 1e00 00c3 | 8b5a 1041 | 8378 0c00 | 0f86 241e | 0000 458b 
  0x000002be3cc14b04: 4810 4183 | 780c 010f | 8627 1e00 | 0041 8b78 | 1441 8378 | 0c02 0f86 | 2a1e 0000 | 418b 7018 
  0x000002be3cc14b24: 0f1f 4000 

  0x000002be3cc14b28: ;   {no_reloc}
  0x000002be3cc14b28: e93e 1e00 | 0090 9090 | 9090 483b 

  0x000002be3cc14b34: ;   {metadata(method data for {method} {0x000002be5119d0d0} 'invokeImpl' '([Ljava/lang/Object;)Ljava/lang/Object;' in 'jdk/internal/reflect/DirectConstructorHandleAccessor')}
  0x000002be3cc14b34: 0349 b800 | e134 93be | 0200 004d | 8d80 f802 | 0000 4d85 | c975 0f41 | f640 0801 | 7553 f049 
  0x000002be3cc14b54: 8348 0801 | eb4b 418b | 4908 49ba | 0000 0051 | be02 0000 | 4903 ca4c | 8bd1 4933 | 4808 48f7 
  0x000002be3cc14b74: c1fc ffff | ff74 2af6 | c102 7525 | 49f7 4008 | feff ffff | 7417 498b | ca49 3348 | 0848 f7c1 
  0x000002be3cc14b94: fcff ffff | 740b 4983 | 4808 02eb | 0449 8948 | 0848 85ff | 750f 41f6 | 4018 0175 | 52f0 4983 
  0x000002be3cc14bb4: 4818 01eb | 4a8b 4f08 | 49ba 0000 | 0051 be02 | 0000 4903 | ca4c 8bd1 | 4933 4818 | 48f7 c1fc 
  0x000002be3cc14bd4: ffff ff74 | 2af6 c102 | 7525 49f7 | 4018 feff | ffff 7417 | 498b ca49 | 3348 1848 | f7c1 fcff 
  0x000002be3cc14bf4: ffff 740b | 4983 4818 | 02eb 0449 | 8948 184c 

  0x000002be3cc14c04: ;   {metadata(method data for {method} {0x000002be5119d0d0} 'invokeImpl' '([Ljava/lang/Object;)Ljava/lang/Object;' in 'jdk/internal/reflect/DirectConstructorHandleAccessor')}
  0x000002be3cc14c04: 8bc3 48b9 | 00e1 3493 | be02 0000 | 458b 4008 | 49ba 0000 | 0051 be02 | 0000 4d03 | c24c 3b81 
  0x000002be3cc14c24: d002 0000 | 750d 4883 | 81d8 0200 | 0001 e960 | 0000 004c | 3b81 e002 | 0000 750d | 4883 81e8 
  0x000002be3cc14c44: 0200 0001 | e94a 0000 | 0048 83b9 | d002 0000 | 0075 174c | 8981 d002 | 0000 48c7 | 81d8 0200 
  0x000002be3cc14c64: 0001 0000 | 00e9 2900 | 0000 4883 | b9e0 0200 | 0000 7517 | 4c89 81e0 | 0200 0048 | c781 e802 
  0x000002be3cc14c84: 0000 0100 | 0000 e908 | 0000 0048 | 8381 c002 | 0000 014d | 8bc1 4c8b | cf48 8bfe | 488b f048 
  0x000002be3cc14ca4: ;   {optimized virtual_call}
  0x000002be3cc14ca4: 8bd3 90e8 

  0x000002be3cc14ca8: ; ImmutableOopMap {[160]=Oop }
                      ;*invokevirtual invokeExact {reexecute=0 rethrow=0 return_oop=0}
                      ; - jdk.internal.reflect.DirectConstructorHandleAccessor::invokeImpl@88
                      ; - jdk.internal.reflect.DirectConstructorHandleAccessor::newInstance@60
  0x000002be3cc14ca8: d49a 3707 

  0x000002be3cc14cac: ;   {other}
  0x000002be3cc14cac: 0f1f 8400 | 1c0a 0001 

  0x000002be3cc14cb4: ;   {metadata(method data for {method} {0x000002be5119d0d0} 'invokeImpl' '([Ljava/lang/Object;)Ljava/lang/Object;' in 'jdk/internal/reflect/DirectConstructorHandleAccessor')}
  0x000002be3cc14cb4: 48ba 00e1 | 3493 be02 | 0000 488d | 9218 0300 | 0048 85c0 | 750c f602 | 0175 4df0 | 4883 0a01 
  0x000002be3cc14cd4: eb46 8b70 | 0849 ba00 | 0000 51be | 0200 0049 | 03f2 4c8b | d648 3332 | 48f7 c6fc | ffff ff74 
  0x000002be3cc14cf4: 2740 f6c6 | 0275 2148 | f702 feff | ffff 7415 | 498b f248 | 3332 48f7 | c6fc ffff | ff74 0948 
  0x000002be3cc14d14: 830a 02eb | 0348 8932 

  0x000002be3cc14d1c: ;   {metadata(method data for {method} {0x000002be5119d0d0} 'invokeImpl' '([Ljava/lang/Object;)Ljava/lang/Object;' in 'jdk/internal/reflect/DirectConstructorHandleAccessor')}
  0x000002be3cc14d1c: 48ba 00e1 | 3493 be02 | 0000 ff82 | 2803 0000 | 4881 c440 | 0100 005d 

  0x000002be3cc14d34: ;   {poll_return}
  0x000002be3cc14d34: 493b a750 | 0400 000f | 8739 1c00 | 00c3 8b72 | 1048 89b4 | 24b8 0000 | 0041 8378 | 0c00 0f86 
  0x000002be3cc14d54: 421c 0000 | 418b 7810 | 4889 bc24 | a800 0000 | 4183 780c | 010f 863d | 1c00 0041 | 8b58 1448 
  0x000002be3cc14d74: 899c 24b0 

  0x000002be3cc14d78: ;   {metadata(method data for {method} {0x000002be5119d0d0} 'invokeImpl' '([Ljava/lang/Object;)Ljava/lang/Object;' in 'jdk/internal/reflect/DirectConstructorHandleAccessor')}
  0x000002be3cc14d78: 0000 0048 | b800 e134 | 93be 0200 | 0048 8d80 | 7802 0000 | 4885 ff75 | 0ef6 4008 | 0175 52f0 
  0x000002be3cc14d98: 4883 4808 | 01eb 4a8b | 4f08 49ba | 0000 0051 | be02 0000 | 4903 ca4c | 8bd1 4833 | 4808 48f7 
  0x000002be3cc14db8: c1fc ffff | ff74 2af6 | c102 7525 | 48f7 4008 | feff ffff | 7417 498b | ca48 3348 | 0848 f7c1 
  0x000002be3cc14dd8: fcff ffff | 740b 4883 | 4808 02eb | 0448 8948 

  0x000002be3cc14de8: ;   {metadata(method data for {method} {0x000002be510ae518} 'invokeExact_MT' '(Ljava/lang/Object;Ljava/lang/Object;Ljava/lang/Object;Ljava/lang/Object;)Ljava/lang/Object;' in 'java/lang/invoke/Invokers$Holder')}
  0x000002be3cc14de8: 0848 b868 | ea34 93be | 0200 0048 | 8d80 b802 | 0000 4885 | f675 0cf6 | 0001 754c | f048 8308 
  0x000002be3cc14e08: 01eb 458b | 4e08 49ba | 0000 0051 | be02 0000 | 4903 ca4c | 8bd1 4833 | 0848 f7c1 | fcff ffff 
  0x000002be3cc14e28: 7426 f6c1 | 0275 2148 | f700 feff | ffff 7415 | 498b ca48 | 3308 48f7 | c1fc ffff | ff74 0948 
  0x000002be3cc14e48: 8308 02eb | 0348 8908 | 4885 ff75 | 0ef6 4010 | 0175 52f0 | 4883 4810 | 01eb 4a8b | 4f08 49ba 
  0x000002be3cc14e68: 0000 0051 | be02 0000 | 4903 ca4c | 8bd1 4833 | 4810 48f7 | c1fc ffff | ff74 2af6 | c102 7525 
  0x000002be3cc14e88: 48f7 4010 | feff ffff | 7417 498b | ca48 3348 | 1048 f7c1 | fcff ffff | 740b 4883 | 4810 02eb 
  0x000002be3cc14ea8: 0448 8948 

  0x000002be3cc14eac: ;   {metadata(method data for {method} {0x000002be5119d0d0} 'invokeImpl' '([Ljava/lang/Object;)Ljava/lang/Object;' in 'jdk/internal/reflect/DirectConstructorHandleAccessor')}
  0x000002be3cc14eac: 1048 b800 | e134 93be | 0200 0048 | 8380 4002 

  0x000002be3cc14ebc: ;   {metadata(method data for {method} {0x000002be510ae518} 'invokeExact_MT' '(Ljava/lang/Object;Ljava/lang/Object;Ljava/lang/Object;Ljava/lang/Object;)Ljava/lang/Object;' in 'java/lang/invoke/Invokers$Holder')}
  0x000002be3cc14ebc: 0000 0148 | b868 ea34 | 93be 0200 | 008b 88cc | 0000 0083 | c102 8988 | cc00 0000 | 81e1 feff 
  0x000002be3cc14edc: 1f00 85c9 | 0f84 d81a 

  0x000002be3cc14ee4: ;   {metadata(method data for {method} {0x000002be510ae518} 'invokeExact_MT' '(Ljava/lang/Object;Ljava/lang/Object;Ljava/lang/Object;Ljava/lang/Object;)Ljava/lang/Object;' in 'java/lang/invoke/Invokers$Holder')}
  0x000002be3cc14ee4: 0000 48b8 | 68ea 3493 | be02 0000 | 488d 8090 | 0100 0048 | 85f6 750e | f640 0801 | 7552 f048 
  0x000002be3cc14f04: 8348 0801 | eb4a 8b4e | 0849 ba00 | 0000 51be | 0200 0049 | 03ca 4c8b | d148 3348 | 0848 f7c1 
  0x000002be3cc14f24: fcff ffff | 742a f6c1 | 0275 2548 | f740 08fe | ffff ff74 | 1749 8bca | 4833 4808 | 48f7 c1fc 
  0x000002be3cc14f44: ffff ff74 | 0b48 8348 | 0802 eb04 | 4889 4808 

  0x000002be3cc14f54: ;   {oop(a 'java/lang/invoke/MethodType'{0x0000000080005cc0} = (Ljava/lang/Object;Ljava/lang/Object;)Ljava/lang/Object;)}
  0x000002be3cc14f54: 48b9 c05c | 0080 0000 | 0000 4885 | c975 0cf6 | 4018 0175 | 06f0 4883 

  0x000002be3cc14f6c: ;   {metadata(method data for {method} {0x000002be510ae518} 'invokeExact_MT' '(Ljava/lang/Object;Ljava/lang/Object;Ljava/lang/Object;Ljava/lang/Object;)Ljava/lang/Object;' in 'java/lang/invoke/Invokers$Holder')}
  0x000002be3cc14f6c: 4818 0148 | b868 ea34 | 93be 0200 | 0048 8380 | 8001 0000 

  0x000002be3cc14f80: ;   {metadata(method data for {method} {0x000002be513dc218} 'checkExactType' '(Ljava/lang/invoke/MethodHandle;Ljava/lang/invoke/MethodType;)V' in 'java/lang/invoke/Invokers')}
  0x000002be3cc14f80: 0148 b8b8 | f12d 93be | 0200 0044 | 8b80 cc00 | 0000 4183 | c002 4489 | 80cc 0000 | 0041 81e0 
  0x000002be3cc14fa0: feff 1f00 | 4585 c00f | 8432 1a00 | 0048 3b06 

  0x000002be3cc14fb0: ;   {metadata(method data for {method} {0x000002be513dc218} 'checkExactType' '(Ljava/lang/invoke/MethodHandle;Ljava/lang/invoke/MethodType;)V' in 'java/lang/invoke/Invokers')}
  0x000002be3cc14fb0: 488b c649 | b8b8 f12d | 93be 0200 | 008b 4008 | 49ba 0000 | 0051 be02 | 0000 4903 | c249 3b80 
  0x000002be3cc14fd0: 2001 0000 | 750d 4983 | 8028 0100 | 0001 e960 | 0000 0049 | 3b80 3001 | 0000 750d | 4983 8038 
  0x000002be3cc14ff0: 0100 0001 | e94a 0000 | 0049 83b8 | 2001 0000 | 0075 1749 | 8980 2001 | 0000 49c7 | 8028 0100 
  0x000002be3cc15010: 0001 0000 | 00e9 2900 | 0000 4983 | b830 0100 | 0000 7517 | 4989 8030 | 0100 0049 | c780 3801 
  0x000002be3cc15030: 0000 0100 | 0000 e908 | 0000 0049 | 8380 1001 | 0000 018b | 4610 483b 

  0x000002be3cc15048: ;   {metadata(method data for {method} {0x000002be513dc218} 'checkExactType' '(Ljava/lang/invoke/MethodHandle;Ljava/lang/invoke/MethodType;)V' in 'java/lang/invoke/Invokers')}
  0x000002be3cc15048: c148 b9b8 | f12d 93be | 0200 0049 | c7c0 5801 | 0000 7507 | 49c7 c048 | 0100 004e | 8b0c 014d 
  0x000002be3cc15068: 8d49 014e | 890c 010f | 858a 0e00 

  0x000002be3cc15074: ;   {metadata(method data for {method} {0x000002be510ae518} 'invokeExact_MT' '(Ljava/lang/Object;Ljava/lang/Object;Ljava/lang/Object;Ljava/lang/Object;)Ljava/lang/Object;' in 'java/lang/invoke/Invokers$Holder')}
  0x000002be3cc15074: 0048 b868 | ea34 93be | 0200 0048 | 8d80 c801 | 0000 8b4e | 0849 ba00 | 0000 51be | 0200 0049 
  0x000002be3cc15094: 03ca 4c8b | d148 3348 | 0848 f7c1 | fcff ffff | 742a f6c1 | 0275 2548 | f740 08fe | ffff ff74 
  0x000002be3cc150b4: 1749 8bca | 4833 4808 | 48f7 c1fc | ffff ff74 | 0b48 8348 | 0802 eb04 | 4889 4808 

  0x000002be3cc150d0: ;   {metadata(method data for {method} {0x000002be510ae518} 'invokeExact_MT' '(Ljava/lang/Object;Ljava/lang/Object;Ljava/lang/Object;Ljava/lang/Object;)Ljava/lang/Object;' in 'java/lang/invoke/Invokers$Holder')}
  0x000002be3cc150d0: 48b8 68ea | 3493 be02 | 0000 4883 | 80b8 0100 

  0x000002be3cc150e0: ;   {metadata(method data for {method} {0x000002be513dc110} 'checkCustomized' '(Ljava/lang/invoke/MethodHandle;)V' in 'java/lang/invoke/Invokers')}
  0x000002be3cc150e0: 0001 48b8 | 08f6 2d93 | be02 0000 | 8b88 cc00 | 0000 83c1 | 0289 88cc | 0000 0081 | e1fe ff1f 
  0x000002be3cc15100: 0085 c90f | 84fc 1800 

  0x000002be3cc15108: ;   {metadata(method data for {method} {0x000002be513dc110} 'checkCustomized' '(Ljava/lang/invoke/MethodHandle;)V' in 'java/lang/invoke/Invokers')}
  0x000002be3cc15108: 0048 b808 | f62d 93be | 0200 0048 | 8380 1001 

  0x000002be3cc15118: ;   {metadata(method data for {method} {0x000002be510944d8} 'isCompileConstant' '(Ljava/lang/Object;)Z' in 'java/lang/invoke/MethodHandleImpl')}
  0x000002be3cc15118: 0000 0148 | b8b8 f72d | 93be 0200 | 008b 88cc | 0000 0083 | c102 8988 | cc00 0000 | 81e1 feff 
  0x000002be3cc15138: 1f00 85c9 | 0f84 e418 

  0x000002be3cc15140: ;   {metadata(method data for {method} {0x000002be513dc110} 'checkCustomized' '(Ljava/lang/invoke/MethodHandle;)V' in 'java/lang/invoke/Invokers')}
  0x000002be3cc15140: 0000 48b8 | 08f6 2d93 | be02 0000 | ff80 2001 | 0000 8b46 | 148b 401c 

  0x000002be3cc15158: ;   {metadata(method data for {method} {0x000002be513dc110} 'checkCustomized' '(Ljava/lang/invoke/MethodHandle;)V' in 'java/lang/invoke/Invokers')}
  0x000002be3cc15158: 4885 c048 | b808 f62d | 93be 0200 | 0048 c7c1 | 4001 0000 | 7507 48c7 | c150 0100 | 004c 8b04 
  0x000002be3cc15178: 084d 8d40 | 014c 8904 | 080f 8525 

  0x000002be3cc15184: ;   {metadata(method data for {method} {0x000002be513dc110} 'checkCustomized' '(Ljava/lang/invoke/MethodHandle;)V' in 'java/lang/invoke/Invokers')}
  0x000002be3cc15184: 0000 0048 | b808 f62d | 93be 0200 | 0048 8380 | 6001 0000 | 0148 8bd6 

  0x000002be3cc1519c: ;   {static_call}
  0x000002be3cc1519c: 6666 90e8 

  0x000002be3cc151a0: ; ImmutableOopMap {[160]=Oop [168]=Oop [176]=Oop [184]=Oop }
                      ;*invokestatic maybeCustomize {reexecute=0 rethrow=0 return_oop=0}
                      ; - java.lang.invoke.Invokers::checkCustomized@19
                      ; - java.lang.invoke.Invokers$Holder::invokeExact_MT@14
                      ; - jdk.internal.reflect.DirectConstructorHandleAccessor::invokeImpl@69
                      ; - jdk.internal.reflect.DirectConstructorHandleAccessor::newInstance@60
  0x000002be3cc151a0: dc9b 3707 

  0x000002be3cc151a4: ;   {other}
  0x000002be3cc151a4: 0f1f 8400 | 140f 0002 | 488b 9c24 | b000 0000 | 488b bc24 | a800 0000 

  0x000002be3cc151bc: ;   {metadata(method data for {method} {0x000002be510ae518} 'invokeExact_MT' '(Ljava/lang/Object;Ljava/lang/Object;Ljava/lang/Object;Ljava/lang/Object;)Ljava/lang/Object;' in 'java/lang/invoke/Invokers$Holder')}
  0x000002be3cc151bc: 49b8 68ea | 3493 be02 | 0000 4d8d | 8018 0200 | 0048 85ff | 750f 41f6 | 4008 0175 | 54f0 4983 
  0x000002be3cc151dc: 4808 01eb | 4c44 8b4f | 0849 ba00 | 0000 51be | 0200 004d | 03ca 4d8b | d14d 3348 | 0849 f7c1 
  0x000002be3cc151fc: fcff ffff | 742b 41f6 | c102 7525 | 49f7 4008 | feff ffff | 7417 4d8b | ca4d 3348 | 0849 f7c1 
  0x000002be3cc1521c: fcff ffff | 740b 4983 | 4808 02eb | 044d 8948 | 0848 85db | 750f 41f6 | 4018 0175 | 54f0 4983 
  0x000002be3cc1523c: 4818 01eb | 4c44 8b4b | 0849 ba00 | 0000 51be | 0200 004d | 03ca 4d8b | d14d 3348 | 1849 f7c1 
  0x000002be3cc1525c: fcff ffff | 742b 41f6 | c102 7525 | 49f7 4018 | feff ffff | 7417 4d8b | ca4d 3348 | 1849 f7c1 
  0x000002be3cc1527c: fcff ffff | 740b 4983 | 4818 02eb | 044d 8948 | 1848 8bb4 | 24b8 0000 

  0x000002be3cc15294: ;   {metadata(method data for {method} {0x000002be510ae518} 'invokeExact_MT' '(Ljava/lang/Object;Ljava/lang/Object;Ljava/lang/Object;Ljava/lang/Object;)Ljava/lang/Object;' in 'java/lang/invoke/Invokers$Holder')}
  0x000002be3cc15294: 0049 b868 | ea34 93be | 0200 0049 | 8380 e001 | 0000 014c | 8bc7 4c8b | cb48 8b94 | 24b8 0000 
  0x000002be3cc152b4: ;   {optimized virtual_call}
  0x000002be3cc152b4: 0066 90e8 

  0x000002be3cc152b8: ; ImmutableOopMap {[160]=Oop }
                      ;*invokevirtual invokeBasic {reexecute=0 rethrow=0 return_oop=0}
                      ; - java.lang.invoke.Invokers$Holder::invokeExact_MT@20
                      ; - jdk.internal.reflect.DirectConstructorHandleAccessor::invokeImpl@69
                      ; - jdk.internal.reflect.DirectConstructorHandleAccessor::newInstance@60
  0x000002be3cc152b8: c494 3707 

  0x000002be3cc152bc: ;   {other}
  0x000002be3cc152bc: 0f1f 8400 | 2c10 0003 

  0x000002be3cc152c4: ;   {metadata(method data for {method} {0x000002be510ae518} 'invokeExact_MT' '(Ljava/lang/Object;Ljava/lang/Object;Ljava/lang/Object;Ljava/lang/Object;)Ljava/lang/Object;' in 'java/lang/invoke/Invokers$Holder')}
  0x000002be3cc152c4: 48ba 68ea | 3493 be02 | 0000 488d | 9238 0200 | 0048 85c0 | 750c f602 | 0175 4df0 | 4883 0a01 
  0x000002be3cc152e4: eb46 8b70 | 0849 ba00 | 0000 51be | 0200 0049 | 03f2 4c8b | d648 3332 | 48f7 c6fc | ffff ff74 
  0x000002be3cc15304: 2740 f6c6 | 0275 2148 | f702 feff | ffff 7415 | 498b f248 | 3332 48f7 | c6fc ffff | ff74 0948 
  0x000002be3cc15324: 830a 02eb | 0348 8932 

  0x000002be3cc1532c: ;   {metadata(method data for {method} {0x000002be5119d0d0} 'invokeImpl' '([Ljava/lang/Object;)Ljava/lang/Object;' in 'jdk/internal/reflect/DirectConstructorHandleAccessor')}
  0x000002be3cc1532c: 48ba 00e1 | 3493 be02 | 0000 488d | 9298 0200 | 0048 85c0 | 750c f602 | 0175 4df0 | 4883 0a01 
  0x000002be3cc1534c: eb46 8b70 | 0849 ba00 | 0000 51be | 0200 0049 | 03f2 4c8b | d648 3332 | 48f7 c6fc | ffff ff74 
  0x000002be3cc1536c: 2740 f6c6 | 0275 2148 | f702 feff | ffff 7415 | 498b f248 | 3332 48f7 | c6fc ffff | ff74 0948 
  0x000002be3cc1538c: 830a 02eb | 0348 8932 

  0x000002be3cc15394: ;   {metadata(method data for {method} {0x000002be5119d0d0} 'invokeImpl' '([Ljava/lang/Object;)Ljava/lang/Object;' in 'jdk/internal/reflect/DirectConstructorHandleAccessor')}
  0x000002be3cc15394: 48ba 00e1 | 3493 be02 | 0000 ff82 | a802 0000 | 4881 c440 | 0100 005d 

  0x000002be3cc153ac: ;   {poll_return}
  0x000002be3cc153ac: 493b a750 | 0400 000f | 8793 1600 | 00c3 8b72 | 1048 89b4 | 24c8 0000 | 0041 8378 | 0c00 0f86 
  0x000002be3cc153cc: 9c16 0000 | 418b 7810 | 4889 bc24 | c000 0000 

  0x000002be3cc153dc: ;   {metadata(method data for {method} {0x000002be5119d0d0} 'invokeImpl' '([Ljava/lang/Object;)Ljava/lang/Object;' in 'jdk/internal/reflect/DirectConstructorHandleAccessor')}
  0x000002be3cc153dc: 48bb 00e1 | 3493 be02 | 0000 488d | 9b08 0200 | 0048 85ff | 750e f643 | 0801 754f | f048 834b 
  0x000002be3cc153fc: 0801 eb47 | 8b47 0849 | ba00 0000 | 51be 0200 | 0049 03c2 | 4c8b d048 | 3343 0848 | a9fc ffff 
  0x000002be3cc1541c: ff74 28a8 | 0275 2448 | f743 08fe | ffff ff74 | 1649 8bc2 | 4833 4308 | 48a9 fcff | ffff 740b 
  0x000002be3cc1543c: 4883 4b08 | 02eb 0448 

  0x000002be3cc15444: ;   {metadata(method data for {method} {0x000002be510ae5c8} 'invokeExact_MT' '(Ljava/lang/Object;Ljava/lang/Object;Ljava/lang/Object;)Ljava/lang/Object;' in 'java/lang/invoke/Invokers$Holder')}
  0x000002be3cc15444: 8943 0848 | bb80 e734 | 93be 0200 | 0048 8d9b | a002 0000 | 4885 f675 | 0cf6 0301 | 7549 f048 
  0x000002be3cc15464: 830b 01eb | 428b 4608 | 49ba 0000 | 0051 be02 | 0000 4903 | c24c 8bd0 | 4833 0348 | a9fc ffff 
  0x000002be3cc15484: ff74 24a8 | 0275 2048 | f703 feff | ffff 7414 | 498b c248 | 3303 48a9 | fcff ffff | 7409 4883 
  0x000002be3cc154a4: 0b02 eb03 | 4889 0348 | 85ff 750e | f643 1001 | 754f f048 | 834b 1001 | eb47 8b47 | 0849 ba00 
  0x000002be3cc154c4: 0000 51be | 0200 0049 | 03c2 4c8b | d048 3343 | 1048 a9fc | ffff ff74 | 28a8 0275 | 2448 f743 
  0x000002be3cc154e4: 10fe ffff | ff74 1649 | 8bc2 4833 | 4310 48a9 | fcff ffff | 740b 4883 | 4b10 02eb | 0448 8943 
  0x000002be3cc15504: ;   {metadata(method data for {method} {0x000002be5119d0d0} 'invokeImpl' '([Ljava/lang/Object;)Ljava/lang/Object;' in 'jdk/internal/reflect/DirectConstructorHandleAccessor')}
  0x000002be3cc15504: 1048 bb00 | e134 93be | 0200 0048 | 8383 d001 

  0x000002be3cc15514: ;   {metadata(method data for {method} {0x000002be510ae5c8} 'invokeExact_MT' '(Ljava/lang/Object;Ljava/lang/Object;Ljava/lang/Object;)Ljava/lang/Object;' in 'java/lang/invoke/Invokers$Holder')}
  0x000002be3cc15514: 0000 0148 | bb80 e734 | 93be 0200 | 008b 83cc | 0000 0083 | c002 8983 | cc00 0000 | 25fe ff1f 
  0x000002be3cc15534: 0085 c00f | 8441 1500 

  0x000002be3cc1553c: ;   {metadata(method data for {method} {0x000002be510ae5c8} 'invokeExact_MT' '(Ljava/lang/Object;Ljava/lang/Object;Ljava/lang/Object;)Ljava/lang/Object;' in 'java/lang/invoke/Invokers$Holder')}
  0x000002be3cc1553c: 0048 bb80 | e734 93be | 0200 0048 | 8d9b 9001 | 0000 4885 | f675 0ef6 | 4308 0175 | 4ff0 4883 
  0x000002be3cc1555c: 4b08 01eb | 478b 4608 | 49ba 0000 | 0051 be02 | 0000 4903 | c24c 8bd0 | 4833 4308 | 48a9 fcff 
  0x000002be3cc1557c: ffff 7428 | a802 7524 | 48f7 4308 | feff ffff | 7416 498b | c248 3343 | 0848 a9fc | ffff ff74 
  0x000002be3cc1559c: 0b48 834b | 0802 eb04 | 4889 4308 

  0x000002be3cc155a8: ;   {oop(a 'java/lang/invoke/MethodType'{0x0000000080005c98} = (Ljava/lang/Object;)Ljava/lang/Object;)}
  0x000002be3cc155a8: 48b8 985c | 0080 0000 | 0000 4885 | c075 0cf6 | 4318 0175 | 06f0 4883 

  0x000002be3cc155c0: ;   {metadata(method data for {method} {0x000002be510ae5c8} 'invokeExact_MT' '(Ljava/lang/Object;Ljava/lang/Object;Ljava/lang/Object;)Ljava/lang/Object;' in 'java/lang/invoke/Invokers$Holder')}
  0x000002be3cc155c0: 4b18 0148 | bb80 e734 | 93be 0200 | 0048 8383 | 8001 0000 

  0x000002be3cc155d4: ;   {metadata(method data for {method} {0x000002be513dc218} 'checkExactType' '(Ljava/lang/invoke/MethodHandle;Ljava/lang/invoke/MethodType;)V' in 'java/lang/invoke/Invokers')}
  0x000002be3cc155d4: 0148 bbb8 | f12d 93be | 0200 008b | 8bcc 0000 | 0083 c102 | 898b cc00 | 0000 81e1 | feff 1f00 
  0x000002be3cc155f4: 85c9 0f84 | a314 0000 

  0x000002be3cc155fc: ; implicit exception: dispatches to 0x000002be3cc16ac0
  0x000002be3cc155fc: 483b 0648 

  0x000002be3cc15600: ;   {metadata(method data for {method} {0x000002be513dc218} 'checkExactType' '(Ljava/lang/invoke/MethodHandle;Ljava/lang/invoke/MethodType;)V' in 'java/lang/invoke/Invokers')}
  0x000002be3cc15600: 8bde 48b9 | b8f1 2d93 | be02 0000 | 8b5b 0849 | ba00 0000 | 51be 0200 | 0049 03da | 483b 9920 
  0x000002be3cc15620: 0100 0075 | 0d48 8381 | 2801 0000 | 01e9 6000 | 0000 483b | 9930 0100 | 0075 0d48 | 8381 3801 
  0x000002be3cc15640: 0000 01e9 | 4a00 0000 | 4883 b920 | 0100 0000 | 7517 4889 | 9920 0100 | 0048 c781 | 2801 0000 
  0x000002be3cc15660: 0100 0000 | e929 0000 | 0048 83b9 | 3001 0000 | 0075 1748 | 8999 3001 | 0000 48c7 | 8138 0100 
  0x000002be3cc15680: 0001 0000 | 00e9 0800 | 0000 4883 | 8110 0100 | 0001 8b5e | 1048 3bd8 

  0x000002be3cc15698: ;   {metadata(method data for {method} {0x000002be513dc218} 'checkExactType' '(Ljava/lang/invoke/MethodHandle;Ljava/lang/invoke/MethodType;)V' in 'java/lang/invoke/Invokers')}
  0x000002be3cc15698: 48b8 b8f1 | 2d93 be02 | 0000 48c7 | c158 0100 | 0075 0748 | c7c1 4801 | 0000 4c8b | 0408 4d8d 
  0x000002be3cc156b8: 4001 4c89 | 0408 0f85 | fb07 0000 

  0x000002be3cc156c4: ;   {metadata(method data for {method} {0x000002be510ae5c8} 'invokeExact_MT' '(Ljava/lang/Object;Ljava/lang/Object;Ljava/lang/Object;)Ljava/lang/Object;' in 'java/lang/invoke/Invokers$Holder')}
  0x000002be3cc156c4: 48bb 80e7 | 3493 be02 | 0000 488d | 9bc8 0100 | 008b 4608 | 49ba 0000 | 0051 be02 | 0000 4903 
  0x000002be3cc156e4: c24c 8bd0 | 4833 4308 | 48a9 fcff | ffff 7428 | a802 7524 | 48f7 4308 | feff ffff | 7416 498b 
  0x000002be3cc15704: c248 3343 | 0848 a9fc | ffff ff74 | 0b48 834b | 0802 eb04 | 4889 4308 

  0x000002be3cc1571c: ;   {metadata(method data for {method} {0x000002be510ae5c8} 'invokeExact_MT' '(Ljava/lang/Object;Ljava/lang/Object;Ljava/lang/Object;)Ljava/lang/Object;' in 'java/lang/invoke/Invokers$Holder')}
  0x000002be3cc1571c: 48bb 80e7 | 3493 be02 | 0000 4883 | 83b8 0100 

  0x000002be3cc1572c: ;   {metadata(method data for {method} {0x000002be513dc110} 'checkCustomized' '(Ljava/lang/invoke/MethodHandle;)V' in 'java/lang/invoke/Invokers')}
  0x000002be3cc1572c: 0001 48bb | 08f6 2d93 | be02 0000 | 8b83 cc00 | 0000 83c0 | 0289 83cc | 0000 0025 | feff 1f00 
  0x000002be3cc1574c: 85c0 0f84 | 7113 0000 

  0x000002be3cc15754: ;   {metadata(method data for {method} {0x000002be513dc110} 'checkCustomized' '(Ljava/lang/invoke/MethodHandle;)V' in 'java/lang/invoke/Invokers')}
  0x000002be3cc15754: 48bb 08f6 | 2d93 be02 | 0000 4883 | 8310 0100 

  0x000002be3cc15764: ;   {metadata(method data for {method} {0x000002be510944d8} 'isCompileConstant' '(Ljava/lang/Object;)Z' in 'java/lang/invoke/MethodHandleImpl')}
  0x000002be3cc15764: 0001 48bb | b8f7 2d93 | be02 0000 | 8b83 cc00 | 0000 83c0 | 0289 83cc | 0000 0025 | feff 1f00 
  0x000002be3cc15784: 85c0 0f84 | 5a13 0000 

  0x000002be3cc1578c: ;   {metadata(method data for {method} {0x000002be513dc110} 'checkCustomized' '(Ljava/lang/invoke/MethodHandle;)V' in 'java/lang/invoke/Invokers')}
  0x000002be3cc1578c: 48bb 08f6 | 2d93 be02 | 0000 ff83 | 2001 0000 | 8b5e 148b | 5b1c 4885 

  0x000002be3cc157a4: ;   {metadata(method data for {method} {0x000002be513dc110} 'checkCustomized' '(Ljava/lang/invoke/MethodHandle;)V' in 'java/lang/invoke/Invokers')}
  0x000002be3cc157a4: db48 bb08 | f62d 93be | 0200 0048 | c7c0 4001 | 0000 7507 | 48c7 c050 | 0100 0048 | 8b0c 0348 
  0x000002be3cc157c4: 8d49 0148 | 890c 030f | 8523 0000 

  0x000002be3cc157d0: ;   {metadata(method data for {method} {0x000002be513dc110} 'checkCustomized' '(Ljava/lang/invoke/MethodHandle;)V' in 'java/lang/invoke/Invokers')}
  0x000002be3cc157d0: 0048 bb08 | f62d 93be | 0200 0048 | 8383 6001 | 0000 0148 

  0x000002be3cc157e4: ;   {static_call}
  0x000002be3cc157e4: 8bd6 90e8 

  0x000002be3cc157e8: ; ImmutableOopMap {[160]=Oop [192]=Oop [200]=Oop }
                      ;*invokestatic maybeCustomize {reexecute=0 rethrow=0 return_oop=0}
                      ; - java.lang.invoke.Invokers::checkCustomized@19
                      ; - java.lang.invoke.Invokers$Holder::invokeExact_MT@14
                      ; - jdk.internal.reflect.DirectConstructorHandleAccessor::invokeImpl@53
                      ; - jdk.internal.reflect.DirectConstructorHandleAccessor::newInstance@60
  0x000002be3cc157e8: 5469 f9ff 

  0x000002be3cc157ec: ;   {other}
  0x000002be3cc157ec: 0f1f 8400 | 5c15 0004 | 488b bc24 | c000 0000 

  0x000002be3cc157fc: ;   {metadata(method data for {method} {0x000002be510ae5c8} 'invokeExact_MT' '(Ljava/lang/Object;Ljava/lang/Object;Ljava/lang/Object;)Ljava/lang/Object;' in 'java/lang/invoke/Invokers$Holder')}
  0x000002be3cc157fc: 49b8 80e7 | 3493 be02 | 0000 4d8d | 8018 0200 | 0048 85ff | 750f 41f6 | 4008 0175 | 52f0 4983 
  0x000002be3cc1581c: 4808 01eb | 4a8b 5708 | 49ba 0000 | 0051 be02 | 0000 4903 | d24c 8bd2 | 4933 5008 | 48f7 c2fc 
  0x000002be3cc1583c: ffff ff74 | 2af6 c202 | 7525 49f7 | 4008 feff | ffff 7417 | 498b d249 | 3350 0848 | f7c2 fcff 
  0x000002be3cc1585c: ffff 740b | 4983 4808 | 02eb 0449 | 8950 0848 | 8bb4 24c8 

  0x000002be3cc15870: ;   {metadata(method data for {method} {0x000002be510ae5c8} 'invokeExact_MT' '(Ljava/lang/Object;Ljava/lang/Object;Ljava/lang/Object;)Ljava/lang/Object;' in 'java/lang/invoke/Invokers$Holder')}
  0x000002be3cc15870: 0000 0049 | b880 e734 | 93be 0200 | 0049 8380 | e001 0000 | 014c 8bc7 | 488b 9424 | c800 0000 
  0x000002be3cc15890: 0f1f 8000 

  0x000002be3cc15894: ;   {optimized virtual_call}
  0x000002be3cc15894: 0000 00e8 

  0x000002be3cc15898: ; ImmutableOopMap {[160]=Oop }
                      ;*invokevirtual invokeBasic {reexecute=0 rethrow=0 return_oop=0}
                      ; - java.lang.invoke.Invokers$Holder::invokeExact_MT@19
                      ; - jdk.internal.reflect.DirectConstructorHandleAccessor::invokeImpl@53
                      ; - jdk.internal.reflect.DirectConstructorHandleAccessor::newInstance@60
  0x000002be3cc15898: 64e1 8c07 

  0x000002be3cc1589c: ;   {other}
  0x000002be3cc1589c: 0f1f 8400 | 0c16 0005 

  0x000002be3cc158a4: ;   {metadata(method data for {method} {0x000002be510ae5c8} 'invokeExact_MT' '(Ljava/lang/Object;Ljava/lang/Object;Ljava/lang/Object;)Ljava/lang/Object;' in 'java/lang/invoke/Invokers$Holder')}
  0x000002be3cc158a4: 48ba 80e7 | 3493 be02 | 0000 488d | 9228 0200 | 0048 85c0 | 750c f602 | 0175 4df0 | 4883 0a01 
  0x000002be3cc158c4: eb46 8b70 | 0849 ba00 | 0000 51be | 0200 0049 | 03f2 4c8b | d648 3332 | 48f7 c6fc | ffff ff74 
  0x000002be3cc158e4: 2740 f6c6 | 0275 2148 | f702 feff | ffff 7415 | 498b f248 | 3332 48f7 | c6fc ffff | ff74 0948 
  0x000002be3cc15904: 830a 02eb | 0348 8932 

  0x000002be3cc1590c: ;   {metadata(method data for {method} {0x000002be5119d0d0} 'invokeImpl' '([Ljava/lang/Object;)Ljava/lang/Object;' in 'jdk/internal/reflect/DirectConstructorHandleAccessor')}
  0x000002be3cc1590c: 48ba 00e1 | 3493 be02 | 0000 488d | 9218 0200 | 0048 85c0 | 750c f602 | 0175 4df0 | 4883 0a01 
  0x000002be3cc1592c: eb46 8b70 | 0849 ba00 | 0000 51be | 0200 0049 | 03f2 4c8b | d648 3332 | 48f7 c6fc | ffff ff74 
  0x000002be3cc1594c: 2740 f6c6 | 0275 2148 | f702 feff | ffff 7415 | 498b f248 | 3332 48f7 | c6fc ffff | ff74 0948 
  0x000002be3cc1596c: 830a 02eb | 0348 8932 

  0x000002be3cc15974: ;   {metadata(method data for {method} {0x000002be5119d0d0} 'invokeImpl' '([Ljava/lang/Object;)Ljava/lang/Object;' in 'jdk/internal/reflect/DirectConstructorHandleAccessor')}
  0x000002be3cc15974: 48ba 00e1 | 3493 be02 | 0000 ff82 | 2802 0000 | 4881 c440 | 0100 005d 

  0x000002be3cc1598c: ;   {poll_return}
  0x000002be3cc1598c: 493b a750 | 0400 000f | 8773 1100 | 00c3 8b72 | 1048 89b4 | 24d0 0000 

  0x000002be3cc159a4: 
  0x000002be3cc159a4: 0048 bfe0 | e434 93be | 0200 0048 | 8dbf 8802 | 0000 4885 | f675 0cf6  00 | f423 0018 | 488b 8424 | 0801 0000 

  0x000002be3cc16694: ;   {metadata(method data for {method} {0x000002be5119d078} 'newInstance' '([Ljava/lang/Object;)Ljava/lang/Object;' in 'jdk/internal/reflect/DirectConstructorHandleAccessor')}
  0x000002be3cc16694: 48ba d8dc | 3493 be02 | 0000 4883 | 8258 0200 

  0x000002be3cc166a4: ;   {metadata(method data for {method} {0x000002be51008958} 'toString' '()Ljava/lang/String;' in 'java/lang/StringBuilder')}
  0x000002be3cc166a4: 0001 48ba | 38c5 0093 | be02 0000 | 8bb2 cc00 | 0000 83c6 | 0289 b2cc | 0000 0081 | e6fe ff1f 
  0x000002be3cc166c4: 0085 f60f | 84ba 0600 

  0x000002be3cc166cc: ;   {metadata('java/lang/String')}
  0x000002be3cc166cc: 0048 ba78 | e800 51be | 0200 0049 | 8b87 b801 | 0000 488d | 7818 493b | bfc8 0100 | 000f 87b9 
  0x000002be3cc166ec: 0600 0049 | 89bf b801 | 0000 48c7 | 0001 0000 | 0048 8bca | 49ba 0000 | 0051 be02 | 0000 492b 
  0x000002be3cc1670c: ca89 4808 | 4833 c989 | 480c 4833 | c948 8948 | 104c 8bc0 

  0x000002be3cc16720: ;   {metadata(method data for {method} {0x000002be51008958} 'toString' '()Ljava/lang/String;' in 'java/lang/StringBuilder')}
  0x000002be3cc16720: 49b9 38c5 | 0093 be02 | 0000 4983 | 8110 0100 

  0x000002be3cc16730: ;   {metadata(method data for {method} {0x000002be514558c8} '<init>' '(Ljava/lang/StringBuilder;)V' in 'java/lang/String')}
  0x000002be3cc16730: 0001 49b8 | b0c6 0093 | be02 0000 | 458b 88cc | 0000 0041 | 83c1 0245 | 8988 cc00 | 0000 4181 
  0x000002be3cc16750: e1fe ff1f | 0045 85c9 | 0f84 5706 | 0000 4c8b 

  0x000002be3cc16760: ;   {metadata(method data for {method} {0x000002be514558c8} '<init>' '(Ljava/lang/StringBuilder;)V' in 'java/lang/String')}
  0x000002be3cc16760: c049 b9b0 | c600 93be | 0200 0049 | 8381 1001 | 0000 014c | 8b84 2408 

  0x000002be3cc16778: ;   {oop(nullptr)}
  0x000002be3cc16778: 0100 0049 | b900 0000 | 0000 0000 | 0048 8bd0 | 4889 8424 | 2001 0000 | 0f1f 8000 

  0x000002be3cc16794: ;   {optimized virtual_call}
  0x000002be3cc16794: 0000 00e8 

  0x000002be3cc16798: ; ImmutableOopMap {[280]=Oop [288]=Oop }
                      ;*invokespecial <init> {reexecute=0 rethrow=0 return_oop=0}
                      ; - java.lang.String::<init>@3
                      ; - java.lang.StringBuilder::toString@5
                      ; - jdk.internal.reflect.DirectConstructorHandleAccessor::newInstance@51
  0x000002be3cc16798: e47f 3707 

  0x000002be3cc1679c: ;   {other}
  0x000002be3cc1679c: 0f1f 8400 | 0c25 0019 | 488b 8424 | 1801 0000 

  0x000002be3cc167ac: ;   {metadata(method data for {method} {0x000002be5119d078} 'newInstance' '([Ljava/lang/Object;)Ljava/lang/Object;' in 'jdk/internal/reflect/DirectConstructorHandleAccessor')}
  0x000002be3cc167ac: 49b8 d8dc | 3493 be02 | 0000 4983 | 8090 0200 | 0001 4c8b | 8424 2001 | 0000 488b | 9424 1801 
  0x000002be3cc167cc: ;   {optimized virtual_call}
  0x000002be3cc167cc: 0000 90e8 

  0x000002be3cc167d0: ; ImmutableOopMap {[280]=Oop }
                      ;*invokespecial <init> {reexecute=0 rethrow=0 return_oop=0}
                      ; - jdk.internal.reflect.DirectConstructorHandleAccessor::newInstance@54
  0x000002be3cc167d0: ac7f 3707 

  0x000002be3cc167d4: ;   {other}
  0x000002be3cc167d4: 0f1f 8400 | 4425 001a | 488b 8424 | 1801 0000 | e930 0600 | 0049 8b87 | 0005 0000 | 4d33 d24d 
  0x000002be3cc167f4: 8997 0005 | 0000 4d33 | d24d 8997 | 0805 0000 | 4c8b c090 

  0x000002be3cc16808: ;   {no_reloc}
  0x000002be3cc16808: e9d8 0500 | 0000 0000 | 0000 498b | 87b8 0100 | 0048 8d78 | 2849 3bbf | c801 0000 | 0f87 c505 
  0x000002be3cc16828: 0000 4989 | bfb8 0100 | 0048 c700 | 0100 0000 | 488b ca49 | ba00 0000 | 51be 0200 | 0049 2bca 
  0x000002be3cc16848: 8948 0848 | 33c9 8948 | 0c48 33c9 | 4889 4810 | 4889 4818 | 4889 4820 

  0x000002be3cc16860: ;   {metadata(method data for {method} {0x000002be5119d078} 'newInstance' '([Ljava/lang/Object;)Ljava/lang/Object;' in 'jdk/internal/reflect/DirectConstructorHandleAccessor')}
  0x000002be3cc16860: 488b d048 | bed8 dc34 | 93be 0200 | 0048 8386 | c803 0000 | 0148 8bd0 | 4889 8424 | 2801 0000 
  0x000002be3cc16880: 0f1f 8000 

  0x000002be3cc16884: ;   {optimized virtual_call}
  0x000002be3cc16884: 0000 00e8 

  0x000002be3cc16888: ; ImmutableOopMap {[296]=Oop }
                      ;*invokespecial <init> {reexecute=0 rethrow=0 return_oop=0}
                      ; - jdk.internal.reflect.DirectConstructorHandleAccessor::newInstance@126
  0x000002be3cc16888: f47e 3707 

  0x000002be3cc1688c: ;   {other}
  0x000002be3cc1688c: 0f1f 8400 | fc25 001b | 488b 8424 | 2801 0000 | e978 0500 

  0x000002be3cc168a0: ;   {metadata({method} {0x000002be5119d078} 'newInstance' '([Ljava/lang/Object;)Ljava/lang/Object;' in 'jdk/internal/reflect/DirectConstructorHandleAccessor')}
  0x000002be3cc168a0: 0049 ba70 | d019 51be | 0200 004c | 8954 2408 | 48c7 0424 | ffff ffff 

  0x000002be3cc168b8: ;   {runtime_call counter_overflow Runtime1 stub}
  0x000002be3cc168b8: e843 ba42 

  0x000002be3cc168bc: ; ImmutableOopMap {rdx=Oop r8=Oop [160]=Oop }
                      ;*synchronization entry
                      ; - jdk.internal.reflect.DirectConstructorHandleAccessor::newInstance@-1
  0x000002be3cc168bc: 07e9 2edf 

  0x000002be3cc168c0: ;   {runtime_call throw_null_pointer_exception Runtime1 stub}
  0x000002be3cc168c0: ffff e839 

  0x000002be3cc168c4: ; ImmutableOopMap {rdx=Oop r8=Oop [160]=Oop }
                      ;*arraylength {reexecute=0 rethrow=0 return_oop=0}
                      ; - jdk.internal.reflect.DirectConstructorHandleAccessor::newInstance@5
                      ;   {metadata({method} {0x000002be5119d0d0} 'invokeImpl' '([Ljava/lang/Object;)Ljava/lang/Object;' in 'jdk/internal/reflect/DirectConstructorHandleAccessor')}
  0x000002be3cc168c4: 6942 0749 | bac8 d019 | 51be 0200 | 004c 8954 | 2408 48c7 | 0424 ffff 

  0x000002be3cc168dc: ;   {runtime_call counter_overflow Runtime1 stub}
  0x000002be3cc168dc: ffff e81d 

  0x000002be3cc168e0: ; ImmutableOopMap {rdx=Oop r8=Oop [160]=Oop }
                      ;*synchronization entry
                      ; - jdk.internal.reflect.DirectConstructorHandleAccessor::invokeImpl@-1
                      ; - jdk.internal.reflect.DirectConstructorHandleAccessor::newInstance@60
  0x000002be3cc168e0: ba42 07e9 | d7df ffff | 49b9 30c6 | fdd6 0000 | 0000 b800 

  0x000002be3cc168f4: ;   {runtime_call load_appendix_patching Runtime1 stub}
  0x000002be3cc168f4: 0f05 0ae8 

  0x000002be3cc168f8: ; ImmutableOopMap {rdx=Oop r8=Oop rsi=Oop [160]=Oop }
                      ;*invokevirtual invokeExact {reexecute=1 rethrow=0 return_oop=0}
                      ; - (reexecute) jdk.internal.reflect.DirectConstructorHandleAccessor::invokeImpl@99
                      ; - jdk.internal.reflect.DirectConstructorHandleAccessor::newInstance@60
  0x000002be3cc168f8: 84b2 4207 | e94f e0ff 

  0x000002be3cc16900: ;   {runtime_call throw_null_pointer_exception Runtime1 stub}
  0x000002be3cc16900: ffe8 fa68 

  0x000002be3cc16904: ; ImmutableOopMap {rdx=Oop r8=Oop rsi=Oop r9=Oop [160]=Oop }
                      ;*invokevirtual invokeExact {reexecute=0 rethrow=0 return_oop=0}
                      ; - jdk.internal.reflect.DirectConstructorHandleAccessor::invokeImpl@99
                      ; - jdk.internal.reflect.DirectConstructorHandleAccessor::newInstance@60
                      ;   {internal_word}
  0x000002be3cc16904: 4207 49ba | e64a c13c | be02 0000 | 4d89 9768 

  0x000002be3cc16914: ;   {runtime_call SafepointBlob}
  0x000002be3cc16914: 0400 00e9 | e4e1 3707 

  0x000002be3cc1691c: ;   {runtime_call throw_null_pointer_exception Runtime1 stub}
  0x000002be3cc1691c: e8df 6842 

  0x000002be3cc16920: ; ImmutableOopMap {rdx=Oop r8=Oop rbx=Oop [160]=Oop }
                      ;*aaload {reexecute=0 rethrow=0 return_oop=0}
                      ; - jdk.internal.reflect.DirectConstructorHandleAccessor::invokeImpl@81
                      ; - jdk.internal.reflect.DirectConstructorHandleAccessor::newInstance@60
                      ;   {runtime_call throw_null_pointer_exception Runtime1 stub}
  0x000002be3cc16920: 07e8 da68 

  0x000002be3cc16924: ; ImmutableOopMap {rdx=Oop r8=Oop rbx=Oop [160]=Oop }
                      ;*aaload {reexecute=0 rethrow=0 return_oop=0}
                      ; - jdk.internal.reflect.DirectConstructorHandleAccessor::invokeImpl@81
                      ; - jdk.internal.reflect.DirectConstructorHandleAccessor::newInstance@60
  0x000002be3cc16924: 4207 48c7 | 0424 0000 | 0000 4c89 

  0x000002be3cc16930: ;   {runtime_call throw_range_check_failed Runtime1 stub}
  0x000002be3cc16930: 4424 08e8 

  0x000002be3cc16934: ; ImmutableOopMap {rdx=Oop r8=Oop rbx=Oop [160]=Oop }
                      ;*aaload {reexecute=0 rethrow=0 return_oop=0}
                      ; - jdk.internal.reflect.DirectConstructorHandleAccessor::invokeImpl@81
                      ; - jdk.internal.reflect.DirectConstructorHandleAccessor::newInstance@60
  0x000002be3cc16934: c85f 4207 | 48c7 0424 | 0100 0000 | 4c89 4424 

  0x000002be3cc16944: ;   {runtime_call throw_range_check_failed Runtime1 stub}
  0x000002be3cc16944: 08e8 b65f 

  0x000002be3cc16948: ; ImmutableOopMap {rdx=Oop r8=Oop rbx=Oop r9=Oop [160]=Oop }
                      ;*aaload {reexecute=0 rethrow=0 return_oop=0}
                      ; - jdk.internal.reflect.DirectConstructorHandleAccessor::invokeImpl@84
                      ; - jdk.internal.reflect.DirectConstructorHandleAccessor::newInstance@60
  0x000002be3cc16948: 4207 48c7 | 0424 0200 | 0000 4c89 

  0x000002be3cc16954: ;   {runtime_call throw_range_check_failed Runtime1 stub}
  0x000002be3cc16954: 4424 08e8 

  0x000002be3cc16958: ; ImmutableOopMap {rdx=Oop r8=Oop rbx=Oop r9=Oop rdi=Oop [160]=Oop }
                      ;*aaload {reexecute=0 rethrow=0 return_oop=0}
                      ; - jdk.internal.reflect.DirectConstructorHandleAccessor::invokeImpl@87
                      ; - jdk.internal.reflect.DirectConstructorHandleAccessor::newInstance@60
  0x000002be3cc16958: a45f 4207 | 48b8 0000 | 0000 0000 | 0000 b800 

  0x000002be3cc16968: ;   {runtime_call load_appendix_patching Runtime1 stub}
  0x000002be3cc16968: 0f05 0ae8 

  0x000002be3cc1696c: ; ImmutableOopMap {rdx=Oop rbx=Oop r9=Oop rdi=Oop rsi=Oop [160]=Oop }
                      ;*invokevirtual invokeExact {reexecute=1 rethrow=0 return_oop=0}
                      ; - (reexecute) jdk.internal.reflect.DirectConstructorHandleAccessor::invokeImpl@88
                      ; - jdk.internal.reflect.DirectConstructorHandleAccessor::newInstance@60
  0x000002be3cc1696c: 10b2 4207 | e9b3 e1ff 

  0x000002be3cc16974: ;   {runtime_call throw_null_pointer_exception Runtime1 stub}
  0x000002be3cc16974: ffe8 8668 

  0x000002be3cc16978: ; ImmutableOopMap {rdx=Oop rbx=Oop r9=Oop rdi=Oop rsi=Oop rax=Oop [160]=Oop }
                      ;*invokevirtual invokeExact {reexecute=0 rethrow=0 return_oop=0}
                      ; - jdk.internal.reflect.DirectConstructorHandleAccessor::invokeImpl@88
                      ; - jdk.internal.reflect.DirectConstructorHandleAccessor::newInstance@60
                      ;   {internal_word}
  0x000002be3cc16978: 4207 49ba | 344d c13c | be02 0000 | 4d89 9768 

  0x000002be3cc16988: ;   {runtime_call SafepointBlob}
  0x000002be3cc16988: 0400 00e9 | 70e1 3707 

  0x000002be3cc16990: ;   {runtime_call throw_null_pointer_exception Runtime1 stub}
  0x000002be3cc16990: e86b 6842 

  0x000002be3cc16994: ; ImmutableOopMap {rdx=Oop r8=Oop rsi=Oop [160]=Oop [184]=Oop }
                      ;*aaload {reexecute=0 rethrow=0 return_oop=0}
                      ; - jdk.internal.reflect.DirectConstructorHandleAccessor::invokeImpl@65
                      ; - jdk.internal.reflect.DirectConstructorHandleAccessor::newInstance@60
                      ;   {runtime_call throw_null_pointer_exception Runtime1 stub}
  0x000002be3cc16994: 07e8 6668 

  0x000002be3cc16998: ; ImmutableOopMap {rdx=Oop r8=Oop rsi=Oop [160]=Oop [184]=Oop }
                      ;*aaload {reexecute=0 rethrow=0 return_oop=0}
                      ; - jdk.internal.reflect.DirectConstructorHandleAccessor::invokeImpl@65
                      ; - jdk.internal.reflect.DirectConstructorHandleAccessor::newInstance@60
  0x000002be3cc16998: 4207 48c7 | 0424 0000 | 0000 4c89 

  0x000002be3cc169a4: ;   {runtime_call throw_range_check_failed Runtime1 stub}
  0x000002be3cc169a4: 4424 08e8 

  0x000002be3cc169a8: ; ImmutableOopMap {rdx=Oop r8=Oop rsi=Oop [160]=Oop [184]=Oop }
                      ;*aaload {reexecute=0 rethrow=0 return_oop=0}
                      ; - jdk.internal.reflect.DirectConstructorHandleAccessor::invokeImpl@65
                      ; - jdk.internal.reflect.DirectConstructorHandleAccessor::newInstance@60
  0x000002be3cc169a8: 545f 4207 | 48c7 0424 | 0100 0000 | 4c89 4424 

  0x000002be3cc169b8: ;   {runtime_call throw_range_check_failed Runtime1 stub}
  0x000002be3cc169b8: 08e8 425f 

  0x000002be3cc169bc: ; ImmutableOopMap {rdx=Oop r8=Oop rsi=Oop rdi=Oop [160]=Oop [168]=Oop [184]=Oop }
                      ;*aaload {reexecute=0 rethrow=0 return_oop=0}
                      ; - jdk.internal.reflect.DirectConstructorHandleAccessor::invokeImpl@68
                      ; - jdk.internal.reflect.DirectConstructorHandleAccessor::newInstance@60
                      ;   {metadata({method} {0x000002be510ae518} 'invokeExact_MT' '(Ljava/lang/Object;Ljava/lang/Object;Ljava/lang/Object;Ljava/lang/Object;)Ljava/lang/Object;' in 'java/lang/invoke/Invokers$Holder')}
  0x000002be3cc169bc: 4207 49ba | 10e5 0a51 | be02 0000 | 4c89 5424 | 0848 c704 | 24ff ffff 

  0x000002be3cc169d4: ;   {runtime_call counter_overflow Runtime1 stub}
  0x000002be3cc169d4: ffe8 26b9 

  0x000002be3cc169d8: ; ImmutableOopMap {rdx=Oop rsi=Oop rdi=Oop rbx=Oop [160]=Oop [168]=Oop [176]=Oop [184]=Oop }
                      ;*synchronization entry
                      ; - java.lang.invoke.Invokers$Holder::invokeExact_MT@-1
                      ; - jdk.internal.reflect.DirectConstructorHandleAccessor::invokeImpl@69
                      ; - jdk.internal.reflect.DirectConstructorHandleAccessor::newInstance@60
  0x000002be3cc169d8: 4207 e907 

  0x000002be3cc169dc: ;   {metadata({method} {0x000002be513dc218} 'checkExactType' '(Ljava/lang/invoke/MethodHandle;Ljava/lang/invoke/MethodType;)V' in 'java/lang/invoke/Invokers')}
  0x000002be3cc169dc: e5ff ff49 | ba10 c23d | 51be 0200 | 004c 8954 | 2408 48c7 | 0424 ffff 

  0x000002be3cc169f4: ;   {runtime_call counter_overflow Runtime1 stub}
  0x000002be3cc169f4: ffff e805 

  0x000002be3cc169f8: ; ImmutableOopMap {rdx=Oop rsi=Oop rdi=Oop rbx=Oop rcx=Oop [160]=Oop [168]=Oop [176]=Oop [184]=Oop }
                      ;*synchronization entry
                      ; - java.lang.invoke.Invokers::checkExactType@-1
                      ; - java.lang.invoke.Invokers$Holder::invokeExact_MT@10
                      ; - jdk.internal.reflect.DirectConstructorHandleAccessor::invokeImpl@69
                      ; - jdk.internal.reflect.DirectConstructorHandleAccessor::newInstance@60
  0x000002be3cc169f8: b942 07e9 | ade5 ffff 

  0x000002be3cc16a00: ;   {runtime_call throw_null_pointer_exception Runtime1 stub}
  0x000002be3cc16a00: e8fb 6742 

  0x000002be3cc16a04: ; ImmutableOopMap {rdx=Oop rsi=Oop rdi=Oop rbx=Oop rcx=Oop [160]=Oop [168]=Oop [176]=Oop [184]=Oop }
                      ;*invokevirtual type {reexecute=0 rethrow=0 return_oop=0}
                      ; - java.lang.invoke.Invokers::checkExactType@1
                      ; - java.lang.invoke.Invokers$Holder::invokeExact_MT@10
                      ; - jdk.internal.reflect.DirectConstructorHandleAccessor::invokeImpl@69
                      ; - jdk.internal.reflect.DirectConstructorHandleAccessor::newInstance@60
                      ;   {metadata({method} {0x000002be513dc110} 'checkCustomized' '(Ljava/lang/invoke/MethodHandle;)V' in 'java/lang/invoke/Invokers')}
  0x000002be3cc16a04: 0749 ba08 | c13d 51be | 0200 004c | 8954 2408 | 48c7 0424 | ffff ffff 

  0x000002be3cc16a1c: ;   {runtime_call counter_overflow Runtime1 stub}
  0x000002be3cc16a1c: e8df b842 

  0x000002be3cc16a20: ; ImmutableOopMap {rdx=Oop rsi=Oop rdi=Oop rbx=Oop [160]=Oop [168]=Oop [176]=Oop [184]=Oop }
                      ;*synchronization entry
                      ; - java.lang.invoke.Invokers::checkCustomized@-1
                      ; - java.lang.invoke.Invokers$Holder::invokeExact_MT@14
                      ; - jdk.internal.reflect.DirectConstructorHandleAccessor::invokeImpl@69
                      ; - jdk.internal.reflect.DirectConstructorHandleAccessor::newInstance@60
  0x000002be3cc16a20: 07e9 e3e6 

  0x000002be3cc16a24: ;   {metadata({method} {0x000002be510944d8} 'isCompileConstant' '(Ljava/lang/Object;)Z' in 'java/lang/invoke/MethodHandleImpl')}
  0x000002be3cc16a24: ffff 49ba | d044 0951 | be02 0000 | 4c89 5424 | 0848 c704 | 24ff ffff 

  0x000002be3cc16a3c: ;   {runtime_call counter_overflow Runtime1 stub}
  0x000002be3cc16a3c: ffe8 beb8 

  0x000002be3cc16a40: ; ImmutableOopMap {rdx=Oop rsi=Oop rdi=Oop rbx=Oop [160]=Oop [168]=Oop [176]=Oop [184]=Oop }
                      ;*synchronization entry
                      ; - java.lang.invoke.MethodHandleImpl::isCompileConstant@-1
                      ; - java.lang.invoke.Invokers::checkCustomized@1
                      ; - java.lang.invoke.Invokers$Holder::invokeExact_MT@14
                      ; - jdk.internal.reflect.DirectConstructorHandleAccessor::invokeImpl@69
                      ; - jdk.internal.reflect.DirectConstructorHandleAccessor::newInstance@60
  0x000002be3cc16a40: 4207 e9fb 

  0x000002be3cc16a44: ;   {runtime_call throw_null_pointer_exception Runtime1 stub}
  0x000002be3cc16a44: e6ff ffe8 

  0x000002be3cc16a48: ; ImmutableOopMap {rdx=Oop rsi=Oop rdi=Oop rbx=Oop [160]=Oop [168]=Oop [176]=Oop [184]=Oop }
                      ;*getfield customized {reexecute=1 rethrow=0 return_oop=0}
                      ; - (reexecute) java.lang.invoke.Invokers::checkCustomized@12
                      ; - java.lang.invoke.Invokers$Holder::invokeExact_MT@14
                      ; - jdk.internal.reflect.DirectConstructorHandleAccessor::invokeImpl@69
                      ; - jdk.internal.reflect.DirectConstructorHandleAccessor::newInstance@60
  0x000002be3cc16a48: b467 4207 

  0x000002be3cc16a4c: ;   {internal_word}
  0x000002be3cc16a4c: 49ba ac53 | c13c be02 | 0000 4d89 | 9768 0400 

  0x000002be3cc16a5c: ;   {runtime_call SafepointBlob}
  0x000002be3cc16a5c: 00e9 9ee0 

  0x000002be3cc16a60: ;   {runtime_call throw_null_pointer_exception Runtime1 stub}
  0x000002be3cc16a60: 3707 e899 

  0x000002be3cc16a64: ; ImmutableOopMap {rdx=Oop r8=Oop rsi=Oop [160]=Oop [200]=Oop }
                      ;*aaload {reexecute=0 rethrow=0 return_oop=0}
                      ; - jdk.internal.reflect.DirectConstructorHandleAccessor::invokeImpl@52
                      ; - jdk.internal.reflect.DirectConstructorHandleAccessor::newInstance@60
                      ;   {runtime_call throw_null_pointer_exception Runtime1 stub}
  0x000002be3cc16a64: 6742 07e8 

  0x000002be3cc16a68: ; ImmutableOopMap {rdx=Oop r8=Oop rsi=Oop [160]=Oop [200]=Oop }
                      ;*aaload {reexecute=0 rethrow=0 return_oop=0}
                      ; - jdk.internal.reflect.DirectConstructorHandleAccessor::invokeImpl@52
                      ; - jdk.internal.reflect.DirectConstructorHandleAccessor::newInstance@60
  0x000002be3cc16a68: 9467 4207 | 48c7 0424 | 0000 0000 | 4c89 4424 

  0x000002be3cc16a78: ;   {runtime_call throw_range_check_failed Runtime1 stub}
  0x000002be3cc16a78: 08e8 825e 

  0x000002be3cc16a7c: ; ImmutableOopMap {rdx=Oop r8=Oop rsi=Oop [160]=Oop [200]=Oop }
                      ;*aaload {reexecute=0 rethrow=0 return_oop=0}
                      ; - jdk.internal.reflect.DirectConstructorHandleAccessor::invokeImpl@52
                      ; - jdk.internal.reflect.DirectConstructorHandleAccessor::newInstance@60
                      ;   {metadata({method} {0x000002be510ae5c8} 'invokeExact_MT' '(Ljava/lang/Object;Ljava/lang/Object;Ljava/lang/Object;)Ljava/lang/Object;' in 'java/lang/invoke/Invokers$Holder')}
  0x000002be3cc16a7c: 4207 49ba | c0e5 0a51 | be02 0000 | 4c89 5424 | 0848 c704 | 24ff ffff 

  0x000002be3cc16a94: ;   {runtime_call counter_overflow Runtime1 stub}
  0x000002be3cc16a94: ffe8 66b8 

  0x000002be3cc16a98: ; ImmutableOopMap {rdx=Oop rsi=Oop rdi=Oop [160]=Oop [192]=Oop [200]=Oop }
                      ;*synchronization entry
                      ; - java.lang.invoke.Invokers$Holder::invokeExact_MT@-1
                      ; - jdk.internal.reflect.DirectConstructorHandleAccessor::invokeImpl@53
                      ; - jdk.internal.reflect.DirectConstructorHandleAccessor::newInstance@60
  0x000002be3cc16a98: 4207 e99e 

  0x000002be3cc16a9c: ;   {metadata({method} {0x000002be513dc218} 'checkExactType' '(Ljava/lang/invoke/MethodHandle;Ljava/lang/invoke/MethodType;)V' in 'java/lang/invoke/Invokers')}
  0x000002be3cc16a9c: eaff ff49 | ba10 c23d | 51be 0200 | 004c 8954 | 2408 48c7 | 0424 ffff 

  0x000002be3cc16ab4: ;   {runtime_call counter_overflow Runtime1 stub}
  0x000002be3cc16ab4: ffff e845 

  0x000002be3cc16ab8: ; ImmutableOopMap {rdx=Oop rsi=Oop rdi=Oop rax=Oop [160]=Oop [192]=Oop [200]=Oop }
                      ;*synchronization entry
                      ; - java.lang.invoke.Invokers::checkExactType@-1
                      ; - java.lang.invoke.Invokers$Holder::invokeExact_MT@10
                      ; - jdk.internal.reflect.DirectConstructorHandleAccessor::invokeImpl@53
                      ; - jdk.internal.reflect.DirectConstructorHandleAccessor::newInstance@60
  0x000002be3cc16ab8: b842 07e9 | 3ceb ffff 

  0x000002be3cc16ac0: ;   {runtime_call throw_null_pointer_exception Runtime1 stub}
  0x000002be3cc16ac0: e83b 6742 

  0x000002be3cc16ac4: ; ImmutableOopMap {rdx=Oop rsi=Oop rdi=Oop rax=Oop [160]=Oop [192]=Oop [200]=Oop }
                      ;*invokevirtual type {reexecute=0 rethrow=0 return_oop=0}
                      ; - java.lang.invoke.Invokers::checkExactType@1
                      ; - java.lang.invoke.Invokers$Holder::invokeExact_MT@10
                      ; - jdk.internal.reflect.DirectConstructorHandleAccessor::invokeImpl@53
                      ; - jdk.internal.reflect.DirectConstructorHandleAccessor::newInstance@60
                      ;   {metadata({method} {0x000002be513dc110} 'checkCustomized' '(Ljava/lang/invoke/MethodHandle;)V' in 'java/lang/invoke/Invokers')}
  0x000002be3cc16ac4: 0749 ba08 | c13d 51be | 0200 004c | 8954 2408 | 48c7 0424 | ffff ffff 

  0x000002be3cc16adc: ;   {runtime_call counter_overflow Runtime1 stub}
  0x000002be3cc16adc: e81f b842 

  0x000002be3cc16ae0: ; ImmutableOopMap {rdx=Oop rsi=Oop rdi=Oop [160]=Oop [192]=Oop [200]=Oop }
                      ;*synchronization entry
                      ; - java.lang.invoke.Invokers::checkCustomized@-1
                      ; - java.lang.invoke.Invokers$Holder::invokeExact_MT@14
                      ; - jdk.internal.reflect.DirectConstructorHandleAccessor::invokeImpl@53
                      ; - jdk.internal.reflect.DirectConstructorHandleAccessor::newInstance@60
  0x000002be3cc16ae0: 07e9 6eec 

  0x000002be3cc16ae4: ;   {metadata({method} {0x000002be510944d8} 'isCompileConstant' '(Ljava/lang/Object;)Z' in 'java/lang/invoke/MethodHandleImpl')}
  0x000002be3cc16ae4: ffff 49ba | d044 0951 | be02 0000 | 4c89 5424 | 0848 c704 | 24ff ffff 

  0x000002be3cc16afc: ;   {runtime_call counter_overflow Runtime1 stub}
  0x000002be3cc16afc: ffe8 feb7 

  0x000002be3cc16b00: ; ImmutableOopMap {rdx=Oop rsi=Oop rdi=Oop [160]=Oop [192]=Oop [200]=Oop }
                      ;*synchronization entry
                      ; - java.lang.invoke.MethodHandleImpl::isCompileConstant@-1
                      ; - java.lang.invoke.Invokers::checkCustomized@1
                      ; - java.lang.invoke.Invokers$Holder::invokeExact_MT@14
                      ; - jdk.internal.reflect.DirectConstructorHandleAccessor::invokeImpl@53
                      ; - jdk.internal.reflect.DirectConstructorHandleAccessor::newInstance@60
  0x000002be3cc16b00: 4207 e985 

  0x000002be3cc16b04: ;   {runtime_call throw_null_pointer_exception Runtime1 stub}
  0x000002be3cc16b04: ecff ffe8 

  0x000002be3cc16b08: ; ImmutableOopMap {rdx=Oop rsi=Oop rdi=Oop [160]=Oop [192]=Oop [200]=Oop }
                      ;*getfield customized {reexecute=1 rethrow=0 return_oop=0}
                      ; - (reexecute) java.lang.invoke.Invokers::checkCustomized@12
                      ; - java.lang.invoke.Invokers$Holder::invokeExact_MT@14
                      ; - jdk.internal.reflect.DirectConstructorHandleAccessor::invokeImpl@53
                      ; - jdk.internal.reflect.DirectConstructorHandleAccessor::newInstance@60
  0x000002be3cc16b08: f466 4207 

  0x000002be3cc16b0c: ;   {internal_word}
  0x000002be3cc16b0c: 49ba 8c59 | c13c be02 | 0000 4d89 | 9768 0400 

  0x000002be3cc16b1c: ;   {runtime_call SafepointBlob}
  0x000002be3cc16b1c: 00e9 dedf 

  0x000002be3cc16b20: ;   {metadata({method} {0x000002be510ae570} 'invokeExact_MT' '(Ljava/lang/Object;Ljava/lang/Object;)Ljava/lang/Object;' in 'java/lang/invoke/Invokers$Holder')}
  0x000002be3cc16b20: 3707 49ba | 68e5 0a51 | be02 0000 | 4c89 5424 | 0848 c704 | 24ff ffff 

  0x000002be3cc16b38: ;   {runtime_call counter_overflow Runtime1 stub}
  0x000002be3cc16b38: ffe8 c2b7 

  0x000002be3cc16b3c: ; ImmutableOopMap {rdx=Oop rsi=Oop rbx=Oop [160]=Oop [208]=Oop }
                      ;*synchronization entry
                      ; - java.lang.invoke.Invokers$Holder::invokeExact_MT@-1
                      ; - jdk.internal.reflect.DirectConstructorHandleAccessor::invokeImpl@40
                      ; - jdk.internal.reflect.DirectConstructorHandleAccessor::newInstance@60
  0x000002be3cc16b3c: 4207 e95f 

  0x000002be3cc16b40: ;   {metadata({method} {0x000002be513dc218} 'checkExactType' '(Ljava/lang/invoke/MethodHandle;Ljava/lang/invoke/MethodType;)V' in 'java/lang/invoke/Invokers')}
  0x000002be3cc16b40: efff ff49 | ba10 c23d | 51be 0200 | 004c 8954 | 2408 48c7 | 0424 ffff 

  0x000002be3cc16b58: ;   {runtime_call counter_overflow Runtime1 stub}
  0x000002be3cc16b58: ffff e8a1 

  0x000002be3cc16b5c: ; ImmutableOopMap {rdx=Oop rsi=Oop rbx=Oop [160]=Oop [208]=Oop }
                      ;*synchronization entry
                      ; - java.lang.invoke.Invokers::checkExactType@-1
                      ; - java.lang.invoke.Invokers$Holder::invokeExact_MT@10
                      ; - jdk.internal.reflect.DirectConstructorHandleAccessor::invokeImpl@40
                      ; - jdk.internal.reflect.DirectConstructorHandleAccessor::newInstance@60
  0x000002be3cc16b5c: b742 07e9 | f2ef ffff 

  0x000002be3cc16b64: ;   {runtime_call throw_null_pointer_exception Runtime1 stub}
  0x000002be3cc16b64: e897 6642 

  0x000002be3cc16b68: ; ImmutableOopMap {rdx=Oop rsi=Oop rbx=Oop [160]=Oop [208]=Oop }
                      ;*invokevirtual type {reexecute=0 rethrow=0 return_oop=0}
                      ; - java.lang.invoke.Invokers::checkExactType@1
                      ; - java.lang.invoke.Invokers$Holder::invokeExact_MT@10
                      ; - jdk.internal.reflect.DirectConstructorHandleAccessor::invokeImpl@40
                      ; - jdk.internal.reflect.DirectConstructorHandleAccessor::newInstance@60
                      ;   {metadata({method} {0x000002be513dc110} 'checkCustomized' '(Ljava/lang/invoke/MethodHandle;)V' in 'java/lang/invoke/Invokers')}
  0x000002be3cc16b68: 0749 ba08 | c13d 51be | 0200 004c | 8954 2408 | 48c7 0424 | ffff ffff 

  0x000002be3cc16b80: ;   {runtime_call counter_overflow Runtime1 stub}
  0x000002be3cc16b80: e87b b742 

  0x000002be3cc16b84: ; ImmutableOopMap {rdx=Oop rsi=Oop [160]=Oop [208]=Oop }
                      ;*synchronization entry
                      ; - java.lang.invoke.Invokers::checkCustomized@-1
                      ; - java.lang.invoke.Invokers$Holder::invokeExact_MT@14
                      ; - jdk.internal.reflect.DirectConstructorHandleAccessor::invokeImpl@40
                      ; - jdk.internal.reflect.DirectConstructorHandleAccessor::newInstance@60
  0x000002be3cc16b84: 07e9 28f1 

  0x000002be3cc16b88: ;   {metadata({method} {0x000002be510944d8} 'isCompileConstant' '(Ljava/lang/Object;)Z' in 'java/lang/invoke/MethodHandleImpl')}
  0x000002be3cc16b88: ffff 49ba | d044 0951 | be02 0000 | 4c89 5424 | 0848 c704 | 24ff ffff 

  0x000002be3cc16ba0: ;   {runtime_call counter_overflow Runtime1 stub}
  0x000002be3cc16ba0: ffe8 5ab7 

  0x000002be3cc16ba4: ; ImmutableOopMap {rdx=Oop rsi=Oop [160]=Oop [208]=Oop }
                      ;*synchronization entry
                      ; - java.lang.invoke.MethodHandleImpl::isCompileConstant@-1
                      ; - java.lang.invoke.Invokers::checkCustomized@1
                      ; - java.lang.invoke.Invokers$Holder::invokeExact_MT@14
                      ; - jdk.internal.reflect.DirectConstructorHandleAccessor::invokeImpl@40
                      ; - jdk.internal.reflect.DirectConstructorHandleAccessor::newInstance@60
  0x000002be3cc16ba4: 4207 e940 

  0x000002be3cc16ba8: ;   {runtime_call throw_null_pointer_exception Runtime1 stub}
  0x000002be3cc16ba8: f1ff ffe8 

  0x000002be3cc16bac: ; ImmutableOopMap {rdx=Oop rsi=Oop [160]=Oop [208]=Oop }
                      ;*getfield customized {reexecute=1 rethrow=0 return_oop=0}
                      ; - (reexecute) java.lang.invoke.Invokers::checkCustomized@12
                      ; - java.lang.invoke.Invokers$Holder::invokeExact_MT@14
                      ; - jdk.internal.reflect.DirectConstructorHandleAccessor::invokeImpl@40
                      ; - jdk.internal.reflect.DirectConstructorHandleAccessor::newInstance@60
  0x000002be3cc16bac: 5066 4207 

  0x000002be3cc16bb0: ;   {internal_word}
  0x000002be3cc16bb0: 49ba 6e5e | c13c be02 | 0000 4d89 | 9768 0400 

  0x000002be3cc16bc0: ;   {runtime_call SafepointBlob}
  0x000002be3cc16bc0: 00e9 3adf 

  0x000002be3cc16bc4: ;   {runtime_call throw_null_pointer_exception Runtime1 stub}
  0x000002be3cc16bc4: 3707 e835 

  0x000002be3cc16bc8: ; ImmutableOopMap {rax=Oop [160]=Oop [208]=Oop }
                      ;*athrow {reexecute=1 rethrow=0 return_oop=0}
                      ; - (reexecute) java.lang.invoke.Invokers::checkExactType@15
                      ; - java.lang.invoke.Invokers$Holder::invokeExact_MT@10
                      ; - jdk.internal.reflect.DirectConstructorHandleAccessor::invokeImpl@40
                      ; - jdk.internal.reflect.DirectConstructorHandleAccessor::newInstance@60
                      ;   {runtime_call throw_null_pointer_exception Runtime1 stub}
  0x000002be3cc16bc8: 6642 07e8 

  0x000002be3cc16bcc: ; ImmutableOopMap {rax=Oop [160]=Oop [192]=Oop [200]=Oop }
                      ;*athrow {reexecute=1 rethrow=0 return_oop=0}
                      ; - (reexecute) java.lang.invoke.Invokers::checkExactType@15
                      ; - java.lang.invoke.Invokers$Holder::invokeExact_MT@10
                      ; - jdk.internal.reflect.DirectConstructorHandleAccessor::invokeImpl@53
                      ; - jdk.internal.reflect.DirectConstructorHandleAccessor::newInstance@60
  0x000002be3cc16bcc: 3066 4207 

  0x000002be3cc16bd0: ;   {runtime_call throw_null_pointer_exception Runtime1 stub}
  0x000002be3cc16bd0: e82b 6642 

  0x000002be3cc16bd4: ; ImmutableOopMap {rax=Oop [160]=Oop [168]=Oop [176]=Oop [184]=Oop }
                      ;*athrow {reexecute=1 rethrow=0 return_oop=0}
                      ; - (reexecute) java.lang.invoke.Invokers::checkExactType@15
                      ; - java.lang.invoke.Invokers$Holder::invokeExact_MT@10
                      ; - jdk.internal.reflect.DirectConstructorHandleAccessor::invokeImpl@69
                      ; - jdk.internal.reflect.DirectConstructorHandleAccessor::newInstance@60
                      ;   {metadata({method} {0x000002be513c7c98} 'isIllegalArgument' '(Ljava/lang/RuntimeException;)Z' in 'jdk/internal/reflect/DirectConstructorHandleAccessor')}
  0x000002be3cc16bd4: 0749 ba90 | 7c3c 51be | 0200 004c | 8954 2408 | 48c7 0424 | ffff ffff 

  0x000002be3cc16bec: ;   {runtime_call counter_overflow Runtime1 stub}
  0x000002be3cc16bec: e80f b742 

  0x000002be3cc16bf0: ; ImmutableOopMap {rax=Oop }
                      ;*synchronization entry
                      ; - jdk.internal.reflect.DirectConstructorHandleAccessor::isIllegalArgument@-1
                      ; - jdk.internal.reflect.DirectConstructorHandleAccessor::newInstance@96
  0x000002be3cc16bf0: 07e9 aaf3 

  0x000002be3cc16bf4: ;   {metadata({method} {0x000002be513c7c98} 'isIllegalArgument' '(Ljava/lang/RuntimeException;)Z' in 'jdk/internal/reflect/DirectConstructorHandleAccessor')}
  0x000002be3cc16bf4: ffff 49ba | 907c 3c51 | be02 0000 | 4c89 5424 | 0848 c704 | 24ff ffff 

  0x000002be3cc16c0c: ;   {runtime_call counter_overflow Runtime1 stub}
  0x000002be3cc16c0c: ffe8 eeb6 

  0x000002be3cc16c10: ; ImmutableOopMap {rax=Oop }
                      ;*synchronization entry
                      ; - jdk.internal.reflect.DirectConstructorHandleAccessor::isIllegalArgument@-1
                      ; - jdk.internal.reflect.DirectConstructorHandleAccessor::newInstance@67
  0x000002be3cc16c10: 4207 e944 

  0x000002be3cc16c14: ;   {metadata(nullptr)}
  0x000002be3cc16c14: f4ff ff48 | ba00 0000 | 0000 0000 | 00b8 000f 

  0x000002be3cc16c24: ;   {runtime_call load_klass_patching Runtime1 stub}
  0x000002be3cc16c24: 050a e855 

  0x000002be3cc16c28: ; ImmutableOopMap {[224]=Oop }
                      ;*new {reexecute=1 rethrow=0 return_oop=0}
                      ; - (reexecute) jdk.internal.reflect.DirectConstructorHandleAccessor::newInstance@73
  0x000002be3cc16c28: a642 07e9 | 88f4 ffff 

  0x000002be3cc16c30: ;   {runtime_call fast_new_instance Runtime1 stub}
  0x000002be3cc16c30: 488b d2e8 

  0x000002be3cc16c34: ; ImmutableOopMap {[224]=Oop }
                      ;*new {reexecute=0 rethrow=0 return_oop=0}
                      ; - jdk.internal.reflect.DirectConstructorHandleAccessor::newInstance@73
  0x000002be3cc16c34: c86e 4207 | e9d3 f4ff 

  0x000002be3cc16c3c: ;   {metadata(nullptr)}
  0x000002be3cc16c3c: ff48 ba00 | 0000 0000 | 0000 00b8 | 000f 050a 

  0x000002be3cc16c4c: ;   {runtime_call load_klass_patching Runtime1 stub}
  0x000002be3cc16c4c: e82f a642 

  0x000002be3cc16c50: ; ImmutableOopMap {r8=Oop }
                      ;*new {reexecute=1 rethrow=0 return_oop=0}
                      ; - (reexecute) jdk.internal.reflect.DirectConstructorHandleAccessor::newInstance@84
  0x000002be3cc16c50: 07e9 1af5 | ffff 488b 

  0x000002be3cc16c58: ;   {runtime_call fast_new_instance Runtime1 stub}
  0x000002be3cc16c58: d2e8 a26e 

  0x000002be3cc16c5c: ; ImmutableOopMap {r8=Oop }
                      ;*new {reexecute=0 rethrow=0 return_oop=0}
                      ; - jdk.internal.reflect.DirectConstructorHandleAccessor::newInstance@84
  0x000002be3cc16c5c: 4207 e965 

  0x000002be3cc16c60: ;   {metadata(nullptr)}
  0x000002be3cc16c60: f5ff ff48 | ba00 0000 | 0000 0000 | 00b8 000f 

  0x000002be3cc16c70: ;   {runtime_call load_klass_patching Runtime1 stub}
  0x000002be3cc16c70: 050a e809 

  0x000002be3cc16c74: ; ImmutableOopMap {[216]=Oop }
                      ;*new {reexecute=1 rethrow=0 return_oop=0}
                      ; - (reexecute) jdk.internal.reflect.DirectConstructorHandleAccessor::newInstance@102
  0x000002be3cc16c74: a642 07e9 | 94f5 ffff 

  0x000002be3cc16c7c: ;   {runtime_call fast_new_instance Runtime1 stub}
  0x000002be3cc16c7c: 488b d2e8 

  0x000002be3cc16c80: ; ImmutableOopMap {[216]=Oop }
                      ;*new {reexecute=0 rethrow=0 return_oop=0}
                      ; - jdk.internal.reflect.DirectConstructorHandleAccessor::newInstance@102
  0x000002be3cc16c80: 7c6e 4207 | e9df f5ff 

  0x000002be3cc16c88: ;   {metadata(nullptr)}
  0x000002be3cc16c88: ff48 ba00 | 0000 0000 | 0000 00b8 | 000f 050a 

  0x000002be3cc16c98: ;   {runtime_call load_klass_patching Runtime1 stub}
  0x000002be3cc16c98: e8e3 a542 

  0x000002be3cc16c9c: ; ImmutableOopMap {r8=Oop }
                      ;*new {reexecute=1 rethrow=0 return_oop=0}
                      ; - (reexecute) jdk.internal.reflect.DirectConstructorHandleAccessor::newInstance@111
  0x000002be3cc16c9c: 07e9 1ef6 | ffff 488b 

  0x000002be3cc16ca4: ;   {runtime_call fast_new_instance Runtime1 stub}
  0x000002be3cc16ca4: d2e8 566e 

  0x000002be3cc16ca8: ; ImmutableOopMap {r8=Oop }
                      ;*new {reexecute=0 rethrow=0 return_oop=0}
                      ; - jdk.internal.reflect.DirectConstructorHandleAccessor::newInstance@111
  0x000002be3cc16ca8: 4207 e969 

  0x000002be3cc16cac: ;   {metadata(nullptr)}
  0x000002be3cc16cac: f6ff ff48 | ba00 0000 | 0000 0000 | 00b8 000f 

  0x000002be3cc16cbc: ;   {runtime_call load_klass_patching Runtime1 stub}
  0x000002be3cc16cbc: 050a e8bd 

  0x000002be3cc16cc0: ; ImmutableOopMap {[160]=Oop }
                      ;*new {reexecute=1 rethrow=0 return_oop=0}
                      ; - (reexecute) jdk.internal.reflect.DirectConstructorHandleAccessor::newInstance@19
  0x000002be3cc16cc0: a542 07e9 | a0f6 ffff 

  0x000002be3cc16cc8: ;   {runtime_call fast_new_instance Runtime1 stub}
  0x000002be3cc16cc8: 488b d2e8 

  0x000002be3cc16ccc: ; ImmutableOopMap {[160]=Oop }
                      ;*new {reexecute=0 rethrow=0 return_oop=0}
                      ; - jdk.internal.reflect.DirectConstructorHandleAccessor::newInstance@19
  0x000002be3cc16ccc: 306e 4207 | e9eb f6ff | ff48 8bd2 

  0x000002be3cc16cd8: ;   {runtime_call fast_new_instance Runtime1 stub}
  0x000002be3cc16cd8: e823 6e42 

  0x000002be3cc16cdc: ; ImmutableOopMap {[160]=Oop [280]=Oop }
                      ;*new {reexecute=0 rethrow=0 return_oop=0}
                      ; - jdk.internal.reflect.DirectConstructorHandleAccessor::newInstance@23
  0x000002be3cc16cdc: 07e9 36f7 

  0x000002be3cc16ce0: ;   {metadata({method} {0x000002be514617e8} '<init>' '()V' in 'java/lang/StringBuilder')}
  0x000002be3cc16ce0: ffff 49ba | e017 4651 | be02 0000 | 4c89 5424 | 0848 c704 | 24ff ffff 

  0x000002be3cc16cf8: ;   {runtime_call counter_overflow Runtime1 stub}
  0x000002be3cc16cf8: ffe8 02b6 

  0x000002be3cc16cfc: ; ImmutableOopMap {rax=Oop [160]=Oop [280]=Oop }
                      ;*synchronization entry
                      ; - java.lang.StringBuilder::<init>@-1
                      ; - jdk.internal.reflect.DirectConstructorHandleAccessor::newInstance@27
  0x000002be3cc16cfc: 4207 e953 

  0x000002be3cc16d00: ;   {metadata({method} {0x000002be514615d8} 'append' '(Ljava/lang/String;)Ljava/lang/StringBuilder;' in 'java/lang/StringBuilder')}
  0x000002be3cc16d00: f7ff ff49 | bad0 1546 | 51be 0200 | 004c 8954 | 2408 48c7 | 0424 ffff 

  0x000002be3cc16d18: ;   {runtime_call counter_overflow Runtime1 stub}
  0x000002be3cc16d18: ffff e8e1 

  0x000002be3cc16d1c: ; ImmutableOopMap {[160]=Oop [264]=Oop [280]=Oop }
                      ;*synchronization entry
                      ; - java.lang.StringBuilder::append@-1
                      ; - jdk.internal.reflect.DirectConstructorHandleAccessor::newInstance@32
  0x000002be3cc16d1c: b542 07e9 | abf7 ffff 

  0x000002be3cc16d24: ;   {metadata({method} {0x000002be51461370} 'append' '(I)Ljava/lang/StringBuilder;' in 'java/lang/StringBuilder')}
  0x000002be3cc16d24: 49ba 6813 | 4651 be02 | 0000 4c89 | 5424 0848 | c704 24ff 

  0x000002be3cc16d38: ;   {runtime_call counter_overflow Runtime1 stub}
  0x000002be3cc16d38: ffff ffe8 

  0x000002be3cc16d3c: ; ImmutableOopMap {[160]=Oop [264]=Oop [280]=Oop }
                      ;*synchronization entry
                      ; - java.lang.StringBuilder::append@-1
                      ; - jdk.internal.reflect.DirectConstructorHandleAccessor::newInstance@36
  0x000002be3cc16d3c: c0b5 4207 | e90a f8ff 

  0x000002be3cc16d44: ;   {metadata({method} {0x000002be514615d8} 'append' '(Ljava/lang/String;)Ljava/lang/StringBuilder;' in 'java/lang/StringBuilder')}
  0x000002be3cc16d44: ff49 bad0 | 1546 51be | 0200 004c | 8954 2408 | 48c7 0424 | ffff ffff 

  0x000002be3cc16d5c: ;   {runtime_call counter_overflow Runtime1 stub}
  0x000002be3cc16d5c: e89f b542 

  0x000002be3cc16d60: ; ImmutableOopMap {[160]=Oop [264]=Oop [280]=Oop }
                      ;*synchronization entry
                      ; - java.lang.StringBuilder::append@-1
                      ; - jdk.internal.reflect.DirectConstructorHandleAccessor::newInstance@41
  0x000002be3cc16d60: 07e9 69f8 

  0x000002be3cc16d64: ;   {metadata({method} {0x000002be51461370} 'append' '(I)Ljava/lang/StringBuilder;' in 'java/lang/StringBuilder')}
  0x000002be3cc16d64: ffff 49ba | 6813 4651 | be02 0000 | 4c89 5424 | 0848 c704 | 24ff ffff 

  0x000002be3cc16d7c: ;   {runtime_call counter_overflow Runtime1 stub}
  0x000002be3cc16d7c: ffe8 7eb5 

  0x000002be3cc16d80: ; ImmutableOopMap {[264]=Oop [280]=Oop }
                      ;*synchronization entry
                      ; - java.lang.StringBuilder::append@-1
                      ; - jdk.internal.reflect.DirectConstructorHandleAccessor::newInstance@48
  0x000002be3cc16d80: 4207 e9d2 

  0x000002be3cc16d84: ;   {metadata({method} {0x000002be51008958} 'toString' '()Ljava/lang/String;' in 'java/lang/StringBuilder')}
  0x000002be3cc16d84: f8ff ff49 | ba50 8900 | 51be 0200 | 004c 8954 | 2408 48c7 | 0424 ffff 

  0x000002be3cc16d9c: ;   {runtime_call counter_overflow Runtime1 stub}
  0x000002be3cc16d9c: ffff e85d 

  0x000002be3cc16da0: ; ImmutableOopMap {[264]=Oop [280]=Oop }
                      ;*synchronization entry
                      ; - java.lang.StringBuilder::toString@-1
                      ; - jdk.internal.reflect.DirectConstructorHandleAccessor::newInstance@51
  0x000002be3cc16da0: b542 07e9 | 25f9 ffff 

  0x000002be3cc16da8: ;   {runtime_call fast_new_instance Runtime1 stub}
  0x000002be3cc16da8: 488b d2e8 

  0x000002be3cc16dac: ; ImmutableOopMap {[264]=Oop [280]=Oop }
                      ;*new {reexecute=0 rethrow=0 return_oop=0}
                      ; - java.lang.StringBuilder::toString@0
                      ; - jdk.internal.reflect.DirectConstructorHandleAccessor::newInstance@51
  0x000002be3cc16dac: 506d 4207 | e968 f9ff 

  0x000002be3cc16db4: ;   {metadata({method} {0x000002be514558c8} '<init>' '(Ljava/lang/StringBuilder;)V' in 'java/lang/String')}
  0x000002be3cc16db4: ff49 bac0 | 5845 51be | 0200 004c | 8954 2408 | 48c7 0424 | ffff ffff 

  0x000002be3cc16dcc: ;   {runtime_call counter_overflow Runtime1 stub}
  0x000002be3cc16dcc: e82f b542 

  0x000002be3cc16dd0: ; ImmutableOopMap {rax=Oop [264]=Oop [280]=Oop }
                      ;*synchronization entry
                      ; - java.lang.String::<init>@-1
                      ; - java.lang.StringBuilder::toString@5
                      ; - jdk.internal.reflect.DirectConstructorHandleAccessor::newInstance@51
  0x000002be3cc16dd0: 07e9 88f9 

  0x000002be3cc16dd4: ;   {metadata(nullptr)}
  0x000002be3cc16dd4: ffff 48ba | 0000 0000 | 0000 0000 | b800 0f05 

  0x000002be3cc16de4: ;   {runtime_call load_klass_patching Runtime1 stub}
  0x000002be3cc16de4: 0ae8 96a4 

  0x000002be3cc16de8: ; ImmutableOopMap {r8=Oop }
                      ;*new {reexecute=1 rethrow=0 return_oop=0}
                      ; - (reexecute) jdk.internal.reflect.DirectConstructorHandleAccessor::newInstance@121
  0x000002be3cc16de8: 4207 e919 | faff ff48 

  0x000002be3cc16df0: ;   {runtime_call fast_new_instance Runtime1 stub}
  0x000002be3cc16df0: 8bd2 e809 

  0x000002be3cc16df4: ; ImmutableOopMap {r8=Oop }
                      ;*new {reexecute=0 rethrow=0 return_oop=0}
                      ; - jdk.internal.reflect.DirectConstructorHandleAccessor::newInstance@121
  0x000002be3cc16df4: 6d42 07e9 | 64fa ffff | 498b 8700 | 0500 0049 | c787 0005 | 0000 0000 | 0000 49c7 | 8708 0500 
  0x000002be3cc16e14: 0000 0000 | 0048 81c4 | 4001 0000 

  0x000002be3cc16e20: ;   {runtime_call unwind_exception Runtime1 stub}
  0x000002be3cc16e20: 5de9 da54 | 4207 f4f4 
[Stub Code]
  0x000002be3cc16e28: ;   {no_reloc}
  0x000002be3cc16e28: 0f1f 4400 

  0x000002be3cc16e2c: ;   {static_stub}
  0x000002be3cc16e2c: 0048 bb00 | 0000 0000 

  0x000002be3cc16e34: ;   {runtime_call nmethod}
  0x000002be3cc16e34: 0000 00e9 | fbff ffff 

  0x000002be3cc16e3c: ;   {static_stub}
  0x000002be3cc16e3c: 9048 bb00 | 0000 0000 

  0x000002be3cc16e44: ;   {runtime_call nmethod}
  0x000002be3cc16e44: 0000 00e9 | fbff ffff 

  0x000002be3cc16e4c: ;   {static_stub}
  0x000002be3cc16e4c: 9048 bb00 | 0000 0000 

  0x000002be3cc16e54: ;   {runtime_call nmethod}
  0x000002be3cc16e54: 0000 00e9 | fbff ffff 

  0x000002be3cc16e5c: ;   {static_stub}
  0x000002be3cc16e5c: 9048 bb00 | 0000 0000 

  0x000002be3cc16e64: ;   {runtime_call nmethod}
  0x000002be3cc16e64: 0000 00e9 | fbff ffff 

  0x000002be3cc16e6c: ;   {static_stub}
  0x000002be3cc16e6c: 9048 bb00 | 0000 0000 

  0x000002be3cc16e74: ;   {runtime_call nmethod}
  0x000002be3cc16e74: 0000 00e9 | fbff ffff 

  0x000002be3cc16e7c: ;   {static_stub}
  0x000002be3cc16e7c: 9048 bb00 | 0000 0000 

  0x000002be3cc16e84: ;   {runtime_call nmethod}
  0x000002be3cc16e84: 0000 00e9 | fbff ffff 

  0x000002be3cc16e8c: ;   {static_stub}
  0x000002be3cc16e8c: 9048 bb00 | 0000 0000 

  0x000002be3cc16e94: ;   {runtime_call nmethod}
  0x000002be3cc16e94: 0000 00e9 | fbff ffff 

  0x000002be3cc16e9c: ;   {static_stub}
  0x000002be3cc16e9c: 9048 bb00 | 0000 0000 

  0x000002be3cc16ea4: ;   {runtime_call nmethod}
  0x000002be3cc16ea4: 0000 00e9 | fbff ffff 

  0x000002be3cc16eac: ;   {static_stub}
  0x000002be3cc16eac: 48bb 0000 | 0000 0000 

  0x000002be3cc16eb4: ;   {runtime_call nmethod}
  0x000002be3cc16eb4: 0000 e9fb 

  0x000002be3cc16eb8: ;   {static_stub}
  0x000002be3cc16eb8: ffff ff48 | bb00 0000 | 0000 0000 

  0x000002be3cc16ec4: ;   {runtime_call nmethod}
  0x000002be3cc16ec4: 00e9 fbff 

  0x000002be3cc16ec8: ;   {static_stub}
  0x000002be3cc16ec8: ffff 48bb | 0000 0000 | 0000 0000 

  0x000002be3cc16ed4: ;   {runtime_call nmethod}
  0x000002be3cc16ed4: e9fb ffff 

  0x000002be3cc16ed8: ;   {static_stub}
  0x000002be3cc16ed8: ff48 bb00 | 0000 0000 

  0x000002be3cc16ee0: ;   {runtime_call nmethod}
  0x000002be3cc16ee0: 0000 00e9 | fbff ffff 

  0x000002be3cc16ee8: ;   {static_stub}
  0x000002be3cc16ee8: 48bb 0000 | 0000 0000 

  0x000002be3cc16ef0: ;   {runtime_call nmethod}
  0x000002be3cc16ef0: 0000 e9fb 

  0x000002be3cc16ef4: ;   {static_stub}
  0x000002be3cc16ef4: ffff ff48 | bb00 0000 | 0000 0000 

  0x000002be3cc16f00: ;   {runtime_call nmethod}
  0x000002be3cc16f00: 00e9 fbff 

  0x000002be3cc16f04: ;   {static_stub}
  0x000002be3cc16f04: ffff 48bb | 0000 0000 | 0000 0000 

  0x000002be3cc16f10: ;   {runtime_call nmethod}
  0x000002be3cc16f10: e9fb ffff 

  0x000002be3cc16f14: ;   {static_stub}
  0x000002be3cc16f14: ff48 bb00 | 0000 0000 

  0x000002be3cc16f1c: ;   {runtime_call nmethod}
  0x000002be3cc16f1c: 0000 00e9 | fbff ffff 

  0x000002be3cc16f24: ;   {static_stub}
  0x000002be3cc16f24: 48bb 0000 | 0000 0000 

  0x000002be3cc16f2c: ;   {runtime_call nmethod}
  0x000002be3cc16f2c: 0000 e9fb 

  0x000002be3cc16f30: ;   {static_stub}
  0x000002be3cc16f30: ffff ff48 | bb00 0000 | 0000 0000 

  0x000002be3cc16f3c: ;   {runtime_call nmethod}
  0x000002be3cc16f3c: 00e9 fbff 

  0x000002be3cc16f40: ;   {static_stub}
  0x000002be3cc16f40: ffff 48bb | 0000 0000 | 0000 0000 

  0x000002be3cc16f4c: ;   {runtime_call nmethod}
  0x000002be3cc16f4c: e9fb ffff 

  0x000002be3cc16f50: ;   {runtime_call handle_exception_from_callee Runtime1 stub}
  0x000002be3cc16f50: ffe8 aa80 

  0x000002be3cc16f54: ;   {external_word}
  0x000002be3cc16f54: 4207 48b9 | 4063 6452 | fd7f 0000 | 4883 e4f0 

  0x000002be3cc16f64: ;   {runtime_call}
  0x000002be3cc16f64: 48b8 d0c4 | 2652 fd7f | 0000 ffd0 

  0x000002be3cc16f70: ;   {section_word}
  0x000002be3cc16f70: f449 ba71 | 6fc1 3cbe | 0200 0041 

  0x000002be3cc16f7c: ;   {runtime_call DeoptimizationBlob}
  0x000002be3cc16f7c: 52e9 1ece 

  0x000002be3cc16f80: ;   {section_word}
  0x000002be3cc16f80: 3707 49ba | 826f c13c | be02 0000 

  0x000002be3cc16f8c: ;   {runtime_call DeoptimizationBlob}
  0x000002be3cc16f8c: 4152 e90d | ce37 07f4 | f4f4 f4f4 
[/MachCode]


---------------  P R O C E S S  ---------------

Threads class SMR info:
_java_thread_list=0x000002be98cd4970, length=20, elements={
0x000002be37501780, 0x000002be50297c30, 0x000002be5029bff0, 0x000002be5029ed20,
0x000002be5029f780, 0x000002be502a01e0, 0x000002be502a2c50, 0x000002be502a39e0,
0x000002be502be730, 0x000002be92e31150, 0x000002be92f36a90, 0x000002be9755c4b0,
0x000002be97a97b00, 0x000002be979ffda0, 0x000002be97a7e540, 0x000002be979ed2e0,
0x000002be97ae44e0, 0x000002be97ae4b50, 0x000002be97aec9a0, 0x000002be979fadc0
}

Java Threads: ( => current thread )
  0x000002be37501780 JavaThread "main"                              [_thread_blocked, id=2640, stack(0x000000ef11700000,0x000000ef11800000) (1024K)]
  0x000002be50297c30 JavaThread "Reference Handler"          daemon [_thread_blocked, id=3536, stack(0x000000ef11b00000,0x000000ef11c00000) (1024K)]
  0x000002be5029bff0 JavaThread "Finalizer"                  daemon [_thread_blocked, id=1924, stack(0x000000ef11c00000,0x000000ef11d00000) (1024K)]
  0x000002be5029ed20 JavaThread "Signal Dispatcher"          daemon [_thread_blocked, id=15888, stack(0x000000ef11d00000,0x000000ef11e00000) (1024K)]
  0x000002be5029f780 JavaThread "Attach Listener"            daemon [_thread_blocked, id=12848, stack(0x000000ef11e00000,0x000000ef11f00000) (1024K)]
  0x000002be502a01e0 JavaThread "Service Thread"             daemon [_thread_blocked, id=10920, stack(0x000000ef11f00000,0x000000ef12000000) (1024K)]
  0x000002be502a2c50 JavaThread "Monitor Deflation Thread"   daemon [_thread_blocked, id=12416, stack(0x000000ef12000000,0x000000ef12100000) (1024K)]
  0x000002be502a39e0 JavaThread "C2 CompilerThread0"         daemon [_thread_in_native, id=11380, stack(0x000000ef12100000,0x000000ef12200000) (1024K)]
  0x000002be502be730 JavaThread "C1 CompilerThread0"         daemon [_thread_blocked, id=2556, stack(0x000000ef12200000,0x000000ef12300000) (1024K)]
  0x000002be92e31150 JavaThread "Common-Cleaner"             daemon [_thread_blocked, id=11760, stack(0x000000ef12400000,0x000000ef12500000) (1024K)]
  0x000002be92f36a90 JavaThread "Notification Thread"        daemon [_thread_blocked, id=17308, stack(0x000000ef12500000,0x000000ef12600000) (1024K)]
  0x000002be9755c4b0 JavaThread "Active Thread: Equinox Container: 3c63e3a9-6734-4c20-8e13-d78331919f08"        [_thread_blocked, id=11248, stack(0x000000ef12d00000,0x000000ef12e00000) (1024K)]
  0x000002be97a97b00 JavaThread "Framework Event Dispatcher: Equinox Container: 3c63e3a9-6734-4c20-8e13-d78331919f08" daemon [_thread_blocked, id=10820, stack(0x000000ef12e00000,0x000000ef12f00000) (1024K)]
=>0x000002be979ffda0 JavaThread "Start Level: Equinox Container: 3c63e3a9-6734-4c20-8e13-d78331919f08" daemon [_thread_in_vm, id=1844, stack(0x000000ef12f00000,0x000000ef13000000) (1024K)]
  0x000002be97a7e540 JavaThread "SCR Component Actor"        daemon [_thread_blocked, id=1848, stack(0x000000ef13100000,0x000000ef13200000) (1024K)]
  0x000002be979ed2e0 JavaThread "Worker-JM"                         [_thread_blocked, id=2284, stack(0x000000ef13200000,0x000000ef13300000) (1024K)]
  0x000002be97ae44e0 JavaThread "Worker-0"                          [_thread_blocked, id=8252, stack(0x000000ef12600000,0x000000ef12700000) (1024K)]
  0x000002be97ae4b50 JavaThread "Worker-1"                          [_thread_blocked, id=12412, stack(0x000000ef13300000,0x000000ef13400000) (1024K)]
  0x000002be97aec9a0 JavaThread "C2 CompilerThread1"         daemon [_thread_blocked, id=9644, stack(0x000000ef12300000,0x000000ef12400000) (1024K)]
  0x000002be979fadc0 JavaThread "C2 CompilerThread2"         daemon [_thread_blocked, id=17760, stack(0x000000ef13400000,0x000000ef13500000) (1024K)]
Total: 20

Other Threads:
  0x000002be50282da0 VMThread "VM Thread"                           [id=17828, stack(0x000000ef11a00000,0x000000ef11b00000) (1024K)]
  0x000002be5019bb20 WatcherThread "VM Periodic Task Thread"        [id=524, stack(0x000000ef11900000,0x000000ef11a00000) (1024K)]
  0x000002be39842e00 WorkerThread "GC Thread#0"                     [id=6700, stack(0x000000ef11800000,0x000000ef11900000) (1024K)]
  0x000002be9785b470 WorkerThread "GC Thread#1"                     [id=6888, stack(0x000000ef12700000,0x000000ef12800000) (1024K)]
  0x000002be973937d0 WorkerThread "GC Thread#2"                     [id=18768, stack(0x000000ef12800000,0x000000ef12900000) (1024K)]
  0x000002be972c6370 WorkerThread "GC Thread#3"                     [id=11236, stack(0x000000ef12900000,0x000000ef12a00000) (1024K)]
  0x000002be972c6720 WorkerThread "GC Thread#4"                     [id=3892, stack(0x000000ef12a00000,0x000000ef12b00000) (1024K)]
  0x000002be97711740 WorkerThread "GC Thread#5"                     [id=18356, stack(0x000000ef12b00000,0x000000ef12c00000) (1024K)]
  0x000002be97711af0 WorkerThread "GC Thread#6"                     [id=2968, stack(0x000000ef12c00000,0x000000ef12d00000) (1024K)]
  0x000002be97a76510 WorkerThread "GC Thread#7"                     [id=18008, stack(0x000000ef13000000,0x000000ef13100000) (1024K)]
Total: 10

Threads with active compile tasks:
C2 CompilerThread0  4260 2574       4       org.lombokweb.asm.ClassReader::readMethod (1070 bytes)
Total: 1

VM state: not at safepoint (normal execution)

VM Mutex/Monitor currently owned by a thread:  ([mutex/lock_event])
[0x00007ffd528fd4f0] Metaspace_lock - owner thread: 0x000002be979ffda0

Heap address: 0x0000000080000000, size: 2048 MB, Compressed Oops mode: 32-bit

CDS archive(s) mapped at: [0x000002be51000000-0x000002be51ba0000-0x000002be51ba0000), size 12189696, SharedBaseAddress: 0x000002be51000000, ArchiveRelocationMode: 1.
Compressed class space mapped at: 0x000002be52000000-0x000002be92000000, reserved size: 1073741824
Narrow klass base: 0x000002be51000000, Narrow klass shift: 0, Narrow klass range: 0x100000000

GC Precious Log:
 CardTable entry size: 512
 CPUs: 8 total, 8 available
 Memory: 7885M
 Large Page Support: Disabled
 NUMA Support: Disabled
 Compressed Oops: Enabled (32-bit)
 Alignments: Space 512K, Generation 512K, Heap 2M
 Heap Min Capacity: 100M
 Heap Initial Capacity: 100M
 Heap Max Capacity: 2G
 Pre-touch: Disabled
 Parallel Workers: 8

Heap:
 PSYoungGen      total 30720K, used 7973K [0x00000000d5580000, 0x00000000d7900000, 0x0000000100000000)
  eden space 25088K, 31% used [0x00000000d5580000,0x00000000d5d49660,0x00000000d6e00000)
  from space 5632K, 0% used [0x00000000d7380000,0x00000000d7380000,0x00000000d7900000)
  to   space 5632K, 0% used [0x00000000d6e00000,0x00000000d6e00000,0x00000000d7380000)
 ParOldGen       total 68608K, used 9960K [0x0000000080000000, 0x0000000084300000, 0x00000000d5580000)
  object space 68608K, 14% used [0x0000000080000000,0x00000000809ba0d0,0x0000000084300000)
 Metaspace       used 21869K, committed 22528K, reserved 1114112K
  class space    used 2104K, committed 2368K, reserved 1048576K

Card table byte_map: [0x000002be391b0000,0x000002be395c0000] _byte_map_base: 0x000002be38db0000

Marking Bits: (ParMarkBitMap*) 0x00007ffd52904460
 Begin Bits: [0x000002be4bcc0000, 0x000002be4dcc0000)
 End Bits:   [0x000002be4dcc0000, 0x000002be4fcc0000)

Polling page: 0x000002be37870000

Metaspace:

Usage:
  Non-class:     19.30 MB used.
      Class:      2.05 MB used.
       Both:     21.36 MB used.

Virtual space:
  Non-class space:       64.00 MB reserved,      19.69 MB ( 31%) committed,  1 nodes.
      Class space:        1.00 GB reserved,       2.31 MB ( <1%) committed,  1 nodes.
             Both:        1.06 GB reserved,      22.00 MB (  2%) committed. 

Chunk freelists:
   Non-Class:  11.99 MB
       Class:  13.53 MB
        Both:  25.52 MB

MaxMetaspaceSize: unlimited
CompressedClassSpaceSize: 1.00 GB
Initial GC threshold: 21.00 MB
Current GC threshold: 35.00 MB
CDS: on
 - commit_granule_bytes: 65536.
 - commit_granule_words: 8192.
 - virtual_space_node_default_size: 8388608.
 - enlarge_chunks_in_place: 1.
 - use_allocation_guard: 0.


Internal statistics:

num_allocs_failed_limit: 3.
num_arena_births: 470.
num_arena_deaths: 14.
num_vsnodes_births: 2.
num_vsnodes_deaths: 0.
num_space_committed: 352.
num_space_uncommitted: 0.
num_chunks_returned_to_freelist: 17.
num_chunks_taken_from_freelist: 1283.
num_chunk_merges: 9.
num_chunk_splits: 832.
num_chunks_enlarged: 548.
num_inconsistent_stats: 0.

CodeHeap 'non-profiled nmethods': size=120000Kb used=1244Kb max_used=1244Kb free=118755Kb
 bounds [0x000002be444e0000, 0x000002be44750000, 0x000002be4ba10000]
CodeHeap 'profiled nmethods': size=120000Kb used=5611Kb max_used=5611Kb free=114388Kb
 bounds [0x000002be3ca10000, 0x000002be3cf90000, 0x000002be43f40000]
CodeHeap 'non-nmethods': size=5760Kb used=1305Kb max_used=1324Kb free=4454Kb
 bounds [0x000002be43f40000, 0x000002be441b0000, 0x000002be444e0000]
CodeCache: size=245760Kb, used=8160Kb, max_used=8179Kb, free=237597Kb
 total_blobs=3408, nmethods=2818, adapters=496, full_count=0
Compilation: enabled, stopped_count=0, restarted_count=0

Compilation events (20 events):
Event: 3.884 Thread 0x000002be502be730 2807       3       java.util.TreeMap::put (221 bytes)
Event: 3.885 Thread 0x000002be502be730 nmethod 2807 0x000002be3cf87690 code [0x000002be3cf87900, 0x000002be3cf883e8]
Event: 3.885 Thread 0x000002be502be730 2808       3       java.util.TreeMap$Entry::<init> (25 bytes)
Event: 3.885 Thread 0x000002be502be730 nmethod 2808 0x000002be3cf88710 code [0x000002be3cf888c0, 0x000002be3cf88a70]
Event: 3.902 Thread 0x000002be502be730 2809       2       java.util.HashSet::contains (9 bytes)
Event: 3.902 Thread 0x000002be502be730 nmethod 2809 0x000002be3cf88b10 code [0x000002be3cf88cc0, 0x000002be3cf88df8]
Event: 3.915 Thread 0x000002be502be730 2810       3       java.util.concurrent.locks.ReentrantLock::<init> (16 bytes)
Event: 3.917 Thread 0x000002be502be730 nmethod 2810 0x000002be3cf88e90 code [0x000002be3cf89060, 0x000002be3cf89420]
Event: 3.917 Thread 0x000002be502be730 2811       3       java.util.concurrent.locks.ReentrantLock$NonfairSync::<init> (5 bytes)
Event: 3.917 Thread 0x000002be502be730 nmethod 2811 0x000002be3cf89590 code [0x000002be3cf89740, 0x000002be3cf899c0]
Event: 3.923 Thread 0x000002be502be730 2813       1       org.eclipse.osgi.storage.BundleInfo::getStorage (5 bytes)
Event: 3.923 Thread 0x000002be502be730 nmethod 2813 0x000002be44612210 code [0x000002be446123a0, 0x000002be44612468]
Event: 3.925 Thread 0x000002be502be730 2814       1       java.util.zip.ZipEntry::getName (5 bytes)
Event: 3.925 Thread 0x000002be502be730 nmethod 2814 0x000002be44612510 code [0x000002be446126a0, 0x000002be44612768]
Event: 3.925 Thread 0x000002be502be730 2815       3       org.eclipse.osgi.storage.bundlefile.ZipBundleFile$1::hasNext (10 bytes)
Event: 3.926 Thread 0x000002be502be730 nmethod 2815 0x000002be3cf89b10 code [0x000002be3cf89cc0, 0x000002be3cf89e98]
Event: 3.926 Thread 0x000002be502be730 2816       3       org.eclipse.osgi.storage.bundlefile.ZipBundleFile$1::next (5 bytes)
Event: 3.926 Thread 0x000002be502be730 nmethod 2816 0x000002be3cf89f90 code [0x000002be3cf8a160, 0x000002be3cf8a550]
Event: 3.926 Thread 0x000002be502be730 2817       3       org.eclipse.osgi.storage.bundlefile.ZipBundleFile$1::next (18 bytes)
Event: 3.926 Thread 0x000002be502be730 nmethod 2817 0x000002be3cf8a690 code [0x000002be3cf8a860, 0x000002be3cf8abe8]

GC Heap History (14 events):
Event: 0.811 GC heap before
{Heap before GC invocations=1 (full 0):
 PSYoungGen      total 29696K, used 25600K [0x00000000d5580000, 0x00000000d7680000, 0x0000000100000000)
  eden space 25600K, 100% used [0x00000000d5580000,0x00000000d6e80000,0x00000000d6e80000)
  from space 4096K, 0% used [0x00000000d7280000,0x00000000d7280000,0x00000000d7680000)
  to   space 4096K, 0% used [0x00000000d6e80000,0x00000000d6e80000,0x00000000d7280000)
 ParOldGen       total 68608K, used 0K [0x0000000080000000, 0x0000000084300000, 0x00000000d5580000)
  object space 68608K, 0% used [0x0000000080000000,0x0000000080000000,0x0000000084300000)
 Metaspace       used 4357K, committed 4608K, reserved 1114112K
  class space    used 474K, committed 576K, reserved 1048576K
}
Event: 0.820 GC heap after
{Heap after GC invocations=1 (full 0):
 PSYoungGen      total 29696K, used 3287K [0x00000000d5580000, 0x00000000d7680000, 0x0000000100000000)
  eden space 25600K, 0% used [0x00000000d5580000,0x00000000d5580000,0x00000000d6e80000)
  from space 4096K, 80% used [0x00000000d6e80000,0x00000000d71b5ea8,0x00000000d7280000)
  to   space 4096K, 0% used [0x00000000d7280000,0x00000000d7280000,0x00000000d7680000)
 ParOldGen       total 68608K, used 16K [0x0000000080000000, 0x0000000084300000, 0x00000000d5580000)
  object space 68608K, 0% used [0x0000000080000000,0x0000000080004000,0x0000000084300000)
 Metaspace       used 4357K, committed 4608K, reserved 1114112K
  class space    used 474K, committed 576K, reserved 1048576K
}
Event: 1.820 GC heap before
{Heap before GC invocations=2 (full 0):
 PSYoungGen      total 29696K, used 28887K [0x00000000d5580000, 0x00000000d7680000, 0x0000000100000000)
  eden space 25600K, 100% used [0x00000000d5580000,0x00000000d6e80000,0x00000000d6e80000)
  from space 4096K, 80% used [0x00000000d6e80000,0x00000000d71b5ea8,0x00000000d7280000)
  to   space 4096K, 0% used [0x00000000d7280000,0x00000000d7280000,0x00000000d7680000)
 ParOldGen       total 68608K, used 16K [0x0000000080000000, 0x0000000084300000, 0x00000000d5580000)
  object space 68608K, 0% used [0x0000000080000000,0x0000000080004000,0x0000000084300000)
 Metaspace       used 8182K, committed 8512K, reserved 1114112K
  class space    used 871K, committed 1024K, reserved 1048576K
}
Event: 1.828 GC heap after
{Heap after GC invocations=2 (full 0):
 PSYoungGen      total 29696K, used 4092K [0x00000000d5580000, 0x00000000d7680000, 0x0000000100000000)
  eden space 25600K, 0% used [0x00000000d5580000,0x00000000d5580000,0x00000000d6e80000)
  from space 4096K, 99% used [0x00000000d7280000,0x00000000d767f020,0x00000000d7680000)
  to   space 4096K, 0% used [0x00000000d6e80000,0x00000000d6e80000,0x00000000d7280000)
 ParOldGen       total 68608K, used 1057K [0x0000000080000000, 0x0000000084300000, 0x00000000d5580000)
  object space 68608K, 1% used [0x0000000080000000,0x0000000080108698,0x0000000084300000)
 Metaspace       used 8182K, committed 8512K, reserved 1114112K
  class space    used 871K, committed 1024K, reserved 1048576K
}
Event: 2.578 GC heap before
{Heap before GC invocations=3 (full 0):
 PSYoungGen      total 29696K, used 29692K [0x00000000d5580000, 0x00000000d7680000, 0x0000000100000000)
  eden space 25600K, 100% used [0x00000000d5580000,0x00000000d6e80000,0x00000000d6e80000)
  from space 4096K, 99% used [0x00000000d7280000,0x00000000d767f020,0x00000000d7680000)
  to   space 4096K, 0% used [0x00000000d6e80000,0x00000000d6e80000,0x00000000d7280000)
 ParOldGen       total 68608K, used 1057K [0x0000000080000000, 0x0000000084300000, 0x00000000d5580000)
  object space 68608K, 1% used [0x0000000080000000,0x0000000080108698,0x0000000084300000)
 Metaspace       used 13005K, committed 13568K, reserved 1114112K
  class space    used 1382K, committed 1664K, reserved 1048576K
}
Event: 2.585 GC heap after
{Heap after GC invocations=3 (full 0):
 PSYoungGen      total 29696K, used 4082K [0x00000000d5580000, 0x00000000d7680000, 0x0000000100000000)
  eden space 25600K, 0% used [0x00000000d5580000,0x00000000d5580000,0x00000000d6e80000)
  from space 4096K, 99% used [0x00000000d6e80000,0x00000000d727cbc8,0x00000000d7280000)
  to   space 4096K, 0% used [0x00000000d7280000,0x00000000d7280000,0x00000000d7680000)
 ParOldGen       total 68608K, used 2827K [0x0000000080000000, 0x0000000084300000, 0x00000000d5580000)
  object space 68608K, 4% used [0x0000000080000000,0x00000000802c2ee0,0x0000000084300000)
 Metaspace       used 13005K, committed 13568K, reserved 1114112K
  class space    used 1382K, committed 1664K, reserved 1048576K
}
Event: 3.059 GC heap before
{Heap before GC invocations=4 (full 0):
 PSYoungGen      total 29696K, used 29521K [0x00000000d5580000, 0x00000000d7680000, 0x0000000100000000)
  eden space 25600K, 99% used [0x00000000d5580000,0x00000000d6e57860,0x00000000d6e80000)
  from space 4096K, 99% used [0x00000000d6e80000,0x00000000d727cbc8,0x00000000d7280000)
  to   space 4096K, 0% used [0x00000000d7280000,0x00000000d7280000,0x00000000d7680000)
 ParOldGen       total 68608K, used 2827K [0x0000000080000000, 0x0000000084300000, 0x00000000d5580000)
  object space 68608K, 4% used [0x0000000080000000,0x00000000802c2ee0,0x0000000084300000)
 Metaspace       used 16094K, committed 16768K, reserved 1114112K
  class space    used 1680K, committed 1984K, reserved 1048576K
}
Event: 3.064 GC heap after
{Heap after GC invocations=4 (full 0):
 PSYoungGen      total 29696K, used 4094K [0x00000000d5580000, 0x00000000d7680000, 0x0000000100000000)
  eden space 25600K, 0% used [0x00000000d5580000,0x00000000d5580000,0x00000000d6e80000)
  from space 4096K, 99% used [0x00000000d7280000,0x00000000d767f990,0x00000000d7680000)
  to   space 4096K, 0% used [0x00000000d6e80000,0x00000000d6e80000,0x00000000d7280000)
 ParOldGen       total 68608K, used 5739K [0x0000000080000000, 0x0000000084300000, 0x00000000d5580000)
  object space 68608K, 8% used [0x0000000080000000,0x000000008059af38,0x0000000084300000)
 Metaspace       used 16094K, committed 16768K, reserved 1114112K
  class space    used 1680K, committed 1984K, reserved 1048576K
}
Event: 3.307 GC heap before
{Heap before GC invocations=5 (full 0):
 PSYoungGen      total 29696K, used 29694K [0x00000000d5580000, 0x00000000d7680000, 0x0000000100000000)
  eden space 25600K, 100% used [0x00000000d5580000,0x00000000d6e80000,0x00000000d6e80000)
  from space 4096K, 99% used [0x00000000d7280000,0x00000000d767f990,0x00000000d7680000)
  to   space 4096K, 0% used [0x00000000d6e80000,0x00000000d6e80000,0x00000000d7280000)
 ParOldGen       total 68608K, used 5739K [0x0000000080000000, 0x0000000084300000, 0x00000000d5580000)
  object space 68608K, 8% used [0x0000000080000000,0x000000008059af38,0x0000000084300000)
 Metaspace       used 20120K, committed 20800K, reserved 1114112K
  class space    used 1980K, committed 2304K, reserved 1048576K
}
Event: 3.311 GC heap after
{Heap after GC invocations=5 (full 0):
 PSYoungGen      total 29184K, used 4080K [0x00000000d5580000, 0x00000000d7900000, 0x0000000100000000)
  eden space 25088K, 0% used [0x00000000d5580000,0x00000000d5580000,0x00000000d6e00000)
  from space 4096K, 99% used [0x00000000d6e80000,0x00000000d727c160,0x00000000d7280000)
  to   space 5632K, 0% used [0x00000000d7380000,0x00000000d7380000,0x00000000d7900000)
 ParOldGen       total 68608K, used 6053K [0x0000000080000000, 0x0000000084300000, 0x00000000d5580000)
  object space 68608K, 8% used [0x0000000080000000,0x00000000805e96b8,0x0000000084300000)
 Metaspace       used 20120K, committed 20800K, reserved 1114112K
  class space    used 1980K, committed 2304K, reserved 1048576K
}
Event: 3.538 GC heap before
{Heap before GC invocations=6 (full 0):
 PSYoungGen      total 29184K, used 22431K [0x00000000d5580000, 0x00000000d7900000, 0x0000000100000000)
  eden space 25088K, 73% used [0x00000000d5580000,0x00000000d676bb98,0x00000000d6e00000)
  from space 4096K, 99% used [0x00000000d6e80000,0x00000000d727c160,0x00000000d7280000)
  to   space 5632K, 0% used [0x00000000d7380000,0x00000000d7380000,0x00000000d7900000)
 ParOldGen       total 68608K, used 6053K [0x0000000080000000, 0x0000000084300000, 0x00000000d5580000)
  object space 68608K, 8% used [0x0000000080000000,0x00000000805e96b8,0x0000000084300000)
 Metaspace       used 20935K, committed 21504K, reserved 1114112K
  class space    used 2022K, committed 2304K, reserved 1048576K
}
Event: 3.544 GC heap after
{Heap after GC invocations=6 (full 0):
 PSYoungGen      total 30720K, used 5191K [0x00000000d5580000, 0x00000000d7900000, 0x0000000100000000)
  eden space 25088K, 0% used [0x00000000d5580000,0x00000000d5580000,0x00000000d6e00000)
  from space 5632K, 92% used [0x00000000d7380000,0x00000000d7891c68,0x00000000d7900000)
  to   space 5632K, 0% used [0x00000000d6e00000,0x00000000d6e00000,0x00000000d7380000)
 ParOldGen       total 68608K, used 6842K [0x0000000080000000, 0x0000000084300000, 0x00000000d5580000)
  object space 68608K, 9% used [0x0000000080000000,0x00000000806aebc8,0x0000000084300000)
 Metaspace       used 20935K, committed 21504K, reserved 1114112K
  class space    used 2022K, committed 2304K, reserved 1048576K
}
Event: 3.544 GC heap before
{Heap before GC invocations=7 (full 1):
 PSYoungGen      total 30720K, used 5191K [0x00000000d5580000, 0x00000000d7900000, 0x0000000100000000)
  eden space 25088K, 0% used [0x00000000d5580000,0x00000000d5580000,0x00000000d6e00000)
  from space 5632K, 92% used [0x00000000d7380000,0x00000000d7891c68,0x00000000d7900000)
  to   space 5632K, 0% used [0x00000000d6e00000,0x00000000d6e00000,0x00000000d7380000)
 ParOldGen       total 68608K, used 6842K [0x0000000080000000, 0x0000000084300000, 0x00000000d5580000)
  object space 68608K, 9% used [0x0000000080000000,0x00000000806aebc8,0x0000000084300000)
 Metaspace       used 20935K, committed 21504K, reserved 1114112K
  class space    used 2022K, committed 2304K, reserved 1048576K
}
Event: 3.571 GC heap after
{Heap after GC invocations=7 (full 1):
 PSYoungGen      total 30720K, used 0K [0x00000000d5580000, 0x00000000d7900000, 0x0000000100000000)
  eden space 25088K, 0% used [0x00000000d5580000,0x00000000d5580000,0x00000000d6e00000)
  from space 5632K, 0% used [0x00000000d7380000,0x00000000d7380000,0x00000000d7900000)
  to   space 5632K, 0% used [0x00000000d6e00000,0x00000000d6e00000,0x00000000d7380000)
 ParOldGen       total 68608K, used 9960K [0x0000000080000000, 0x0000000084300000, 0x00000000d5580000)
  object space 68608K, 14% used [0x0000000080000000,0x00000000809ba0d0,0x0000000084300000)
 Metaspace       used 20922K, committed 21504K, reserved 1114112K
  class space    used 2019K, committed 2304K, reserved 1048576K
}

Dll operation events (11 events):
Event: 0.008 Loaded shared library c:\Users\enriq\.vscode-insiders\extensions\redhat.java-1.55.0-win32-x64\jre\21.0.11-win32-x86_64\bin\java.dll
Event: 0.088 Loaded shared library c:\Users\enriq\.vscode-insiders\extensions\redhat.java-1.55.0-win32-x64\jre\21.0.11-win32-x86_64\bin\zip.dll
Event: 0.108 Loaded shared library C:\Users\enriq\.vscode-insiders\extensions\redhat.java-1.55.0-win32-x64\jre\21.0.11-win32-x86_64\bin\instrument.dll
Event: 0.115 Loaded shared library C:\Users\enriq\.vscode-insiders\extensions\redhat.java-1.55.0-win32-x64\jre\21.0.11-win32-x86_64\bin\net.dll
Event: 0.117 Loaded shared library C:\Users\enriq\.vscode-insiders\extensions\redhat.java-1.55.0-win32-x64\jre\21.0.11-win32-x86_64\bin\nio.dll
Event: 0.122 Loaded shared library C:\Users\enriq\.vscode-insiders\extensions\redhat.java-1.55.0-win32-x64\jre\21.0.11-win32-x86_64\bin\zip.dll
Event: 0.142 Loaded shared library C:\Users\enriq\.vscode-insiders\extensions\redhat.java-1.55.0-win32-x64\jre\21.0.11-win32-x86_64\bin\jimage.dll
Event: 0.227 Loaded shared library c:\Users\enriq\.vscode-insiders\extensions\redhat.java-1.55.0-win32-x64\jre\21.0.11-win32-x86_64\bin\verify.dll
Event: 1.791 Loaded shared library C:\Users\enriq\AppData\Roaming\Code - Insiders\User\globalStorage\redhat.java\1.55.0\config_ss_win\org.eclipse.equinox.launcher\org.eclipse.equinox.launcher.win32.win32.x86_64_1.3.100.v20260613-0559\eclipse_11924.dll
Event: 2.685 Loaded shared library C:\Users\enriq\.vscode-insiders\extensions\redhat.java-1.55.0-win32-x64\jre\21.0.11-win32-x86_64\bin\management.dll
Event: 2.693 Loaded shared library C:\Users\enriq\.vscode-insiders\extensions\redhat.java-1.55.0-win32-x64\jre\21.0.11-win32-x86_64\bin\management_ext.dll

Deoptimization events (20 events):
Event: 3.836 Thread 0x000002be979ffda0 Uncommon trap: trap_request=0xffffffc6 fr.pc=0x000002be44590b70 relative=0x0000000000000a10
Event: 3.836 Thread 0x000002be979ffda0 Uncommon trap: reason=bimorphic_or_optimized_type_check action=maybe_recompile pc=0x000002be44590b70 method=java.util.HashMap.putVal(ILjava/lang/Object;Ljava/lang/Object;ZZ)Ljava/lang/Object; @ 56 c2
Event: 3.836 Thread 0x000002be979ffda0 DEOPT PACKING pc=0x000002be44590b70 sp=0x000000ef12ffdc50
Event: 3.836 Thread 0x000002be979ffda0 DEOPT UNPACKING pc=0x000002be43f93aa2 sp=0x000000ef12ffdb50 mode 2
Event: 3.836 Thread 0x000002be979ffda0 Uncommon trap: trap_request=0xffffffc6 fr.pc=0x000002be44590b70 relative=0x0000000000000a10
Event: 3.836 Thread 0x000002be979ffda0 Uncommon trap: reason=bimorphic_or_optimized_type_check action=maybe_recompile pc=0x000002be44590b70 method=java.util.HashMap.putVal(ILjava/lang/Object;Ljava/lang/Object;ZZ)Ljava/lang/Object; @ 56 c2
Event: 3.836 Thread 0x000002be979ffda0 DEOPT PACKING pc=0x000002be44590b70 sp=0x000000ef12ffdc50
Event: 3.836 Thread 0x000002be979ffda0 DEOPT UNPACKING pc=0x000002be43f93aa2 sp=0x000000ef12ffdb50 mode 2
Event: 3.836 Thread 0x000002be979ffda0 Uncommon trap: trap_request=0xffffffc6 fr.pc=0x000002be44590b70 relative=0x0000000000000a10
Event: 3.836 Thread 0x000002be979ffda0 Uncommon trap: reason=bimorphic_or_optimized_type_check action=maybe_recompile pc=0x000002be44590b70 method=java.util.HashMap.putVal(ILjava/lang/Object;Ljava/lang/Object;ZZ)Ljava/lang/Object; @ 56 c2
Event: 3.836 Thread 0x000002be979ffda0 DEOPT PACKING pc=0x000002be44590b70 sp=0x000000ef12ffdc50
Event: 3.836 Thread 0x000002be979ffda0 DEOPT UNPACKING pc=0x000002be43f93aa2 sp=0x000000ef12ffdb50 mode 2
Event: 3.836 Thread 0x000002be979ffda0 Uncommon trap: trap_request=0xffffffc6 fr.pc=0x000002be44590b70 relative=0x0000000000000a10
Event: 3.836 Thread 0x000002be979ffda0 Uncommon trap: reason=bimorphic_or_optimized_type_check action=maybe_recompile pc=0x000002be44590b70 method=java.util.HashMap.putVal(ILjava/lang/Object;Ljava/lang/Object;ZZ)Ljava/lang/Object; @ 56 c2
Event: 3.836 Thread 0x000002be979ffda0 DEOPT PACKING pc=0x000002be44590b70 sp=0x000000ef12ffdc50
Event: 3.836 Thread 0x000002be979ffda0 DEOPT UNPACKING pc=0x000002be43f93aa2 sp=0x000000ef12ffdb50 mode 2
Event: 3.869 Thread 0x000002be979ffda0 Uncommon trap: trap_request=0xffffff45 fr.pc=0x000002be446054a0 relative=0x00000000000009a0
Event: 3.869 Thread 0x000002be979ffda0 Uncommon trap: reason=unstable_if action=reinterpret pc=0x000002be446054a0 method=java.util.regex.Pattern$BmpCharPropertyGreedy.match(Ljava/util/regex/Matcher;ILjava/lang/CharSequence;)Z @ 12 c2
Event: 3.869 Thread 0x000002be979ffda0 DEOPT PACKING pc=0x000002be446054a0 sp=0x000000ef12ffd800
Event: 3.869 Thread 0x000002be979ffda0 DEOPT UNPACKING pc=0x000002be43f93aa2 sp=0x000000ef12ffd6c8 mode 2

Classes loaded (20 events):
Event: 3.941 Loading class sun/security/provider/DRBG
Event: 3.942 Loading class java/security/SecureRandomSpi
Event: 3.942 Loading class java/security/SecureRandomSpi done
Event: 3.942 Loading class sun/security/provider/DRBG done
Event: 3.943 Loading class java/security/DrbgParameters$Capability
Event: 3.943 Loading class java/security/DrbgParameters$Capability done
Event: 3.944 Loading class sun/security/provider/MoreDrbgParameters
Event: 3.944 Loading class sun/security/provider/MoreDrbgParameters done
Event: 3.944 Loading class java/security/DrbgParameters
Event: 3.944 Loading class java/security/DrbgParameters done
Event: 3.944 Loading class java/security/DrbgParameters$Instantiation
Event: 3.944 Loading class java/security/DrbgParameters$Instantiation done
Event: 3.944 Loading class sun/security/provider/HashDrbg
Event: 3.945 Loading class sun/security/provider/AbstractHashDrbg
Event: 3.945 Loading class sun/security/provider/AbstractDrbg
Event: 3.945 Loading class sun/security/provider/AbstractDrbg done
Event: 3.945 Loading class sun/security/provider/AbstractHashDrbg done
Event: 3.945 Loading class sun/security/provider/HashDrbg done
Event: 3.946 Loading class sun/security/provider/EntropySource
Event: 3.946 Loading class sun/security/provider/EntropySource done

Classes unloaded (7 events):
Event: 3.549 Thread 0x000002be50282da0 Unloading class 0x000002be52191400 'java/lang/invoke/LambdaForm$MH+0x000002be52191400'
Event: 3.549 Thread 0x000002be50282da0 Unloading class 0x000002be52191000 'java/lang/invoke/LambdaForm$MH+0x000002be52191000'
Event: 3.549 Thread 0x000002be50282da0 Unloading class 0x000002be52190c00 'java/lang/invoke/LambdaForm$MH+0x000002be52190c00'
Event: 3.549 Thread 0x000002be50282da0 Unloading class 0x000002be52190800 'java/lang/invoke/LambdaForm$MH+0x000002be52190800'
Event: 3.549 Thread 0x000002be50282da0 Unloading class 0x000002be52190400 'java/lang/invoke/LambdaForm$BMH+0x000002be52190400'
Event: 3.549 Thread 0x000002be50282da0 Unloading class 0x000002be52190000 'java/lang/invoke/LambdaForm$DMH+0x000002be52190000'
Event: 3.549 Thread 0x000002be50282da0 Unloading class 0x000002be5218ec00 'java/lang/invoke/LambdaForm$DMH+0x000002be5218ec00'

Classes redefined (0 events):
No events

Internal exceptions (20 events):
Event: 2.928 Thread 0x000002be97ae44e0 Exception <a 'java/lang/NoSuchMethodError'{0x00000000d5ebc140}: 'java.lang.Object java.lang.invoke.DirectMethodHandle$Holder.newInvokeSpecial(java.lang.Object, java.lang.Object, int, java.lang.Object)'> (0x00000000d5ebc140) 
thrown [s\src\hotspot\share\interpreter\linkResolver.cpp, line 773]
Event: 2.929 Thread 0x000002be97ae44e0 Exception <a 'java/lang/NoSuchMethodError'{0x00000000d5ebfa20}: 'java.lang.Object java.lang.invoke.DirectMethodHandle$Holder.invokeSpecial(java.lang.Object, java.lang.Object, java.lang.Object, int, java.lang.Object)'> (0x00000000d5ebfa20) 
thrown [s\src\hotspot\share\interpreter\linkResolver.cpp, line 773]
Event: 2.951 Thread 0x000002be979ffda0 Exception <a 'java/lang/NoSuchMethodError'{0x00000000d60e1098}: 'void java.lang.invoke.DirectMethodHandle$Holder.invokeSpecial(java.lang.Object, java.lang.Object, java.lang.Object, java.lang.Object, java.lang.Object)'> (0x00000000d60e1098) 
thrown [s\src\hotspot\share\interpreter\linkResolver.cpp, line 773]
Event: 2.975 Thread 0x000002be979ffda0 Exception <a 'java/lang/NoSuchMethodError'{0x00000000d62f0a98}: 'double java.lang.invoke.DirectMethodHandle$Holder.invokeStatic(java.lang.Object, java.lang.Object)'> (0x00000000d62f0a98) 
thrown [s\src\hotspot\share\interpreter\linkResolver.cpp, line 773]
Event: 2.976 Thread 0x000002be979ffda0 Exception <a 'java/lang/NoSuchMethodError'{0x00000000d62f4158}: 'double java.lang.invoke.DirectMethodHandle$Holder.invokeStaticInit(java.lang.Object, java.lang.Object)'> (0x00000000d62f4158) 
thrown [s\src\hotspot\share\interpreter\linkResolver.cpp, line 773]
Event: 3.088 Thread 0x000002be979ffda0 Exception <a 'java/io/FileNotFoundException'{0x00000000d5a090d8}> (0x00000000d5a090d8) 
thrown [s\src\hotspot\share\prims\jni.cpp, line 520]
Event: 3.089 Thread 0x000002be979ffda0 Exception <a 'java/io/FileNotFoundException'{0x00000000d5a09f98}> (0x00000000d5a09f98) 
thrown [s\src\hotspot\share\prims\jni.cpp, line 520]
Event: 3.089 Thread 0x000002be979ffda0 Exception <a 'java/io/FileNotFoundException'{0x00000000d5a0af60}> (0x00000000d5a0af60) 
thrown [s\src\hotspot\share\prims\jni.cpp, line 520]
Event: 3.183 Thread 0x000002be979ffda0 Exception <a 'java/lang/NoSuchMethodError'{0x00000000d63a7a38}: 'int java.lang.invoke.DirectMethodHandle$Holder.invokeStaticInit(java.lang.Object, java.lang.Object, java.lang.Object)'> (0x00000000d63a7a38) 
thrown [s\src\hotspot\share\interpreter\linkResolver.cpp, line 773]
Event: 3.223 Thread 0x000002be979ffda0 Implicit null exception at 0x000002be445f7175 to 0x000002be445f7250
Event: 3.327 Thread 0x000002be979ffda0 Exception <a 'java/io/FileNotFoundException'{0x00000000d5680810}> (0x00000000d5680810) 
thrown [s\src\hotspot\share\prims\jni.cpp, line 520]
Event: 3.328 Thread 0x000002be979ffda0 Exception <a 'java/lang/NoSuchMethodError'{0x00000000d56880e8}: 'java.lang.Object java.lang.invoke.DirectMethodHandle$Holder.newInvokeSpecial(java.lang.Object, int, java.lang.Object, java.lang.Object)'> (0x00000000d56880e8) 
thrown [s\src\hotspot\share\interpreter\linkResolver.cpp, line 773]
Event: 3.373 Thread 0x000002be979ffda0 Exception <a 'java/io/FileNotFoundException'{0x00000000d621c7b0}> (0x00000000d621c7b0) 
thrown [s\src\hotspot\share\prims\jni.cpp, line 520]
Event: 3.374 Thread 0x000002be979ffda0 Exception <a 'java/io/FileNotFoundException'{0x00000000d621d810}> (0x00000000d621d810) 
thrown [s\src\hotspot\share\prims\jni.cpp, line 520]
Event: 3.376 Thread 0x000002be979ffda0 Exception <a 'java/io/FileNotFoundException'{0x00000000d622b908}> (0x00000000d622b908) 
thrown [s\src\hotspot\share\prims\jni.cpp, line 520]
Event: 3.704 Thread 0x000002be979ffda0 Exception <a 'java/io/FileNotFoundException'{0x00000000d5844b68}> (0x00000000d5844b68) 
thrown [s\src\hotspot\share\prims\jni.cpp, line 520]
Event: 3.855 Thread 0x000002be979ffda0 Exception <a 'sun/nio/fs/WindowsException'{0x00000000d5a1bd88}> (0x00000000d5a1bd88) 
thrown [s\src\hotspot\share\prims\jni.cpp, line 520]
Event: 3.856 Thread 0x000002be979ffda0 Exception <a 'sun/nio/fs/WindowsException'{0x00000000d5a1fa98}> (0x00000000d5a1fa98) 
thrown [s\src\hotspot\share\prims\jni.cpp, line 520]
Event: 3.884 Thread 0x000002be979ffda0 Exception <a 'sun/nio/fs/WindowsException'{0x00000000d5aeb988}> (0x00000000d5aeb988) 
thrown [s\src\hotspot\share\prims\jni.cpp, line 520]
Event: 3.947 Thread 0x000002be979ffda0 Exception <a 'java/lang/NoSuchMethodError'{0x00000000d5d09ef0}: 'java.lang.Object java.lang.invoke.DirectMethodHandle$Holder.invokeStaticInit(java.lang.Object, int, int, int, int)'> (0x00000000d5d09ef0) 
thrown [s\src\hotspot\share\interpreter\linkResolver.cpp, line 773]

ZGC Phase Switch (0 events):
No events

VM Operations (20 events):
Event: 2.370 Executing non-safepoint VM operation: HandshakeAllThreads (Deoptimize)
Event: 2.370 Executing non-safepoint VM operation: HandshakeAllThreads (Deoptimize) done
Event: 2.578 Executing safepoint VM operation: ParallelGCFailedAllocation (Allocation Failure)
Event: 2.585 Executing safepoint VM operation: ParallelGCFailedAllocation (Allocation Failure) done
Event: 2.746 Executing non-safepoint VM operation: HandshakeAllThreads (Deoptimize)
Event: 2.746 Executing non-safepoint VM operation: HandshakeAllThreads (Deoptimize) done
Event: 2.754 Executing non-safepoint VM operation: HandshakeAllThreads (Deoptimize)
Event: 2.754 Executing non-safepoint VM operation: HandshakeAllThreads (Deoptimize) done
Event: 2.798 Executing non-safepoint VM operation: HandshakeAllThreads (Deoptimize)
Event: 2.798 Executing non-safepoint VM operation: HandshakeAllThreads (Deoptimize) done
Event: 3.059 Executing safepoint VM operation: ParallelGCFailedAllocation (Allocation Failure)
Event: 3.064 Executing safepoint VM operation: ParallelGCFailedAllocation (Allocation Failure) done
Event: 3.307 Executing safepoint VM operation: ParallelGCFailedAllocation (Allocation Failure)
Event: 3.312 Executing safepoint VM operation: ParallelGCFailedAllocation (Allocation Failure) done
Event: 3.538 Executing safepoint VM operation: CollectForMetadataAllocation (Metadata GC Threshold)
Event: 3.571 Executing safepoint VM operation: CollectForMetadataAllocation (Metadata GC Threshold) done
Event: 3.835 Executing non-safepoint VM operation: HandshakeAllThreads (Deoptimize)
Event: 3.835 Executing non-safepoint VM operation: HandshakeAllThreads (Deoptimize) done
Event: 3.931 Executing non-safepoint VM operation: HandshakeAllThreads (Deoptimize)
Event: 3.931 Executing non-safepoint VM operation: HandshakeAllThreads (Deoptimize) done

Memory protections (0 events):
No events

Nmethod flushes (0 events):
No events

Events (20 events):
Event: 0.111 Thread 0x000002be37501780 Thread added: 0x000002be92e31150
Event: 0.320 Thread 0x000002be37501780 Thread added: 0x000002be92f36a90
Event: 0.400 Thread 0x000002be502be730 Thread added: 0x000002be9718f2a0
Event: 1.410 Thread 0x000002be37501780 Thread added: 0x000002be9755c4b0
Event: 1.777 Thread 0x000002be37501780 Thread added: 0x000002be97a97b00
Event: 1.785 Thread 0x000002be37501780 Thread added: 0x000002be979ffda0
Event: 1.848 Thread 0x000002be979ffda0 Thread added: 0x000002be97a7e540
Event: 1.872 Thread 0x000002be9718f2a0 Thread exited: 0x000002be9718f2a0
Event: 2.104 Thread 0x000002be92cd0f90 Thread exited: 0x000002be92cd0f90
Event: 2.155 Thread 0x000002be502be730 Thread added: 0x000002be97746210
Event: 2.155 Thread 0x000002be502be730 Thread added: 0x000002be977468c0
Event: 2.415 Thread 0x000002be979ffda0 Thread added: 0x000002be979ed2e0
Event: 2.426 Thread 0x000002be977468c0 Thread exited: 0x000002be977468c0
Event: 2.669 Thread 0x000002be97746210 Thread exited: 0x000002be97746210
Event: 2.760 Thread 0x000002be502be730 Thread added: 0x000002be97aec9a0
Event: 2.906 Thread 0x000002be979ffda0 Thread added: 0x000002be97ae44e0
Event: 2.928 Thread 0x000002be979ffda0 Thread added: 0x000002be97ae4b50
Event: 3.667 Thread 0x000002be979ffda0 Thread added: 0x000002be985d0b30
Event: 3.869 Thread 0x000002be97aec9a0 Thread exited: 0x000002be97aec9a0
Event: 3.902 Thread 0x000002be985d0b30 Thread exited: 0x000002be985d0b30


Dynamic libraries:
0x00007ff7ce200000 - 0x00007ff7ce20e000 	c:\Users\enriq\.vscode-insiders\extensions\redhat.java-1.55.0-win32-x64\jre\21.0.11-win32-x86_64\bin\java.exe
0x00007ffdd9180000 - 0x00007ffdd93e6000 	C:\WINDOWS\SYSTEM32\ntdll.dll
0x00007ffdd7920000 - 0x00007ffdd79e9000 	C:\WINDOWS\System32\KERNEL32.DLL
0x00007ffdd64d0000 - 0x00007ffdd68ce000 	C:\WINDOWS\System32\KERNELBASE.dll
0x00007ffdd6d50000 - 0x00007ffdd6e9c000 	C:\WINDOWS\System32\ucrtbase.dll
0x00007ffdc7980000 - 0x00007ffdc7998000 	c:\Users\enriq\.vscode-insiders\extensions\redhat.java-1.55.0-win32-x64\jre\21.0.11-win32-x86_64\bin\jli.dll
0x00007ffdc3950000 - 0x00007ffdc396e000 	c:\Users\enriq\.vscode-insiders\extensions\redhat.java-1.55.0-win32-x64\jre\21.0.11-win32-x86_64\bin\VCRUNTIME140.dll
0x00007ffdd71b0000 - 0x00007ffdd7377000 	C:\WINDOWS\System32\USER32.dll
0x00007ffdd6b10000 - 0x00007ffdd6b37000 	C:\WINDOWS\System32\win32u.dll
0x00007ffdd7e80000 - 0x00007ffdd7eab000 	C:\WINDOWS\System32\GDI32.dll
0x00007ffdd63a0000 - 0x00007ffdd64ca000 	C:\WINDOWS\System32\gdi32full.dll
0x00007ffdd69a0000 - 0x00007ffdd6a43000 	C:\WINDOWS\System32\msvcp_win.dll
0x00007ffdbf270000 - 0x00007ffdbf502000 	C:\WINDOWS\WinSxS\amd64_microsoft.windows.common-controls_6595b64144ccf1df_6.0.26100.8875_none_3e0d5d42e32fe9dd\COMCTL32.dll
0x00007ffdd7dd0000 - 0x00007ffdd7e79000 	C:\WINDOWS\System32\msvcrt.dll
0x00007ffdd7c40000 - 0x00007ffdd7c72000 	C:\WINDOWS\System32\IMM32.DLL
0x0000000074a00000 - 0x0000000074a0d000 	C:\Program Files (x86)\360\Total Security\safemon\SafeWrapper.dll
0x00007ffdd7d10000 - 0x00007ffdd7dc7000 	C:\WINDOWS\System32\ADVAPI32.dll
0x00007ffdd79f0000 - 0x00007ffdd7a9a000 	C:\WINDOWS\System32\sechost.dll
0x00007ffdd7690000 - 0x00007ffdd77a8000 	C:\WINDOWS\System32\RPCRT4.dll
0x00007ffdd3c60000 - 0x00007ffdd3d65000 	C:\Program Files (x86)\360\Total Security\safemon\libzdtp64.dll
0x00007ffdd8340000 - 0x00007ffdd8ad2000 	C:\WINDOWS\System32\SHELL32.dll
0x00007ffdd7c80000 - 0x00007ffdd7ce7000 	C:\WINDOWS\System32\SHLWAPI.dll
0x00007ffdd5e60000 - 0x00007ffdd5e6b000 	C:\WINDOWS\SYSTEM32\VERSION.dll
0x00007ffdd0cd0000 - 0x00007ffdd0cdc000 	c:\Users\enriq\.vscode-insiders\extensions\redhat.java-1.55.0-win32-x64\jre\21.0.11-win32-x86_64\bin\vcruntime140_1.dll
0x00007ffdbbe30000 - 0x00007ffdbbebd000 	c:\Users\enriq\.vscode-insiders\extensions\redhat.java-1.55.0-win32-x64\jre\21.0.11-win32-x86_64\bin\msvcp140.dll
0x00007ffd51c40000 - 0x00007ffd529e2000 	c:\Users\enriq\.vscode-insiders\extensions\redhat.java-1.55.0-win32-x64\jre\21.0.11-win32-x86_64\bin\server\jvm.dll
0x00007ffdd7380000 - 0x00007ffdd7400000 	C:\WINDOWS\System32\WS2_32.dll
0x00007ffdcc950000 - 0x00007ffdcc986000 	C:\WINDOWS\SYSTEM32\WINMM.dll
0x00007ffdd6200000 - 0x00007ffdd625e000 	C:\WINDOWS\SYSTEM32\POWRPROF.dll
0x00007ffdd61d0000 - 0x00007ffdd61e4000 	C:\WINDOWS\SYSTEM32\UMPDC.dll
0x00007ffdd5000000 - 0x00007ffdd501b000 	C:\WINDOWS\SYSTEM32\kernel.appcore.dll
0x00007ffdd09e0000 - 0x00007ffdd09ea000 	c:\Users\enriq\.vscode-insiders\extensions\redhat.java-1.55.0-win32-x64\jre\21.0.11-win32-x86_64\bin\jimage.dll
0x00007ffdd31e0000 - 0x00007ffdd3422000 	C:\WINDOWS\SYSTEM32\DBGHELP.DLL
0x00007ffdd8be0000 - 0x00007ffdd8f63000 	C:\WINDOWS\System32\combase.dll
0x00007ffdd7410000 - 0x00007ffdd74e9000 	C:\WINDOWS\System32\OLEAUT32.dll
0x00007ffdbb2b0000 - 0x00007ffdbb2eb000 	C:\WINDOWS\SYSTEM32\dbgcore.DLL
0x00007ffdd68e0000 - 0x00007ffdd698c000 	C:\WINDOWS\System32\bcryptPrimitives.dll
0x00007ffdc6a90000 - 0x00007ffdc6a9f000 	c:\Users\enriq\.vscode-insiders\extensions\redhat.java-1.55.0-win32-x64\jre\21.0.11-win32-x86_64\bin\instrument.dll
0x00007ffdc38e0000 - 0x00007ffdc3900000 	c:\Users\enriq\.vscode-insiders\extensions\redhat.java-1.55.0-win32-x64\jre\21.0.11-win32-x86_64\bin\java.dll
0x00007ffdd3d70000 - 0x00007ffdd4602000 	C:\WINDOWS\SYSTEM32\windows.storage.dll
0x00007ffdd8ae0000 - 0x00007ffdd8bd7000 	C:\WINDOWS\System32\SHCORE.dll
0x00007ffdd62c0000 - 0x00007ffdd62e9000 	C:\WINDOWS\SYSTEM32\profapi.dll
0x00007ffdc2570000 - 0x00007ffdc2588000 	c:\Users\enriq\.vscode-insiders\extensions\redhat.java-1.55.0-win32-x64\jre\21.0.11-win32-x86_64\bin\zip.dll
0x00007ffdc3020000 - 0x00007ffdc3030000 	C:\Users\enriq\.vscode-insiders\extensions\redhat.java-1.55.0-win32-x64\jre\21.0.11-win32-x86_64\bin\net.dll
0x00007ffdc7810000 - 0x00007ffdc7937000 	C:\WINDOWS\SYSTEM32\WINHTTP.dll
0x00007ffdd55b0000 - 0x00007ffdd561c000 	C:\WINDOWS\system32\mswsock.dll
0x00007ffdc20d0000 - 0x00007ffdc20e6000 	C:\Users\enriq\.vscode-insiders\extensions\redhat.java-1.55.0-win32-x64\jre\21.0.11-win32-x86_64\bin\nio.dll
0x00007ffdc25b0000 - 0x00007ffdc25c0000 	c:\Users\enriq\.vscode-insiders\extensions\redhat.java-1.55.0-win32-x64\jre\21.0.11-win32-x86_64\bin\verify.dll
0x00007ffdb8630000 - 0x00007ffdb8675000 	C:\Users\enriq\AppData\Roaming\Code - Insiders\User\globalStorage\redhat.java\1.55.0\config_ss_win\org.eclipse.equinox.launcher\org.eclipse.equinox.launcher.win32.win32.x86_64_1.3.100.v20260613-0559\eclipse_11924.dll
0x00007ffdd7aa0000 - 0x00007ffdd7c39000 	C:\WINDOWS\System32\ole32.dll
0x00007ffdc2010000 - 0x00007ffdc201a000 	C:\Users\enriq\.vscode-insiders\extensions\redhat.java-1.55.0-win32-x64\jre\21.0.11-win32-x86_64\bin\management.dll
0x00007ffdc0080000 - 0x00007ffdc008c000 	C:\Users\enriq\.vscode-insiders\extensions\redhat.java-1.55.0-win32-x64\jre\21.0.11-win32-x86_64\bin\management_ext.dll
0x00007ffdd8f70000 - 0x00007ffdd8f78000 	C:\WINDOWS\System32\PSAPI.DLL

JVMTI agents:
c:\Users\enriq\.vscode-insiders\extensions\redhat.java-1.55.0-win32-x64\lombok\lombok-1.18.39-4050.jar path:c:\Users\enriq\.vscode-insiders\extensions\redhat.java-1.55.0-win32-x64\jre\21.0.11-win32-x86_64\bin\instrument.dll, loaded, initialized, instrumentlib options:none

dbghelp: loaded successfully - version: 4.0.5 - missing functions: none
symbol engine: initialized successfully - sym options: 0x614 - pdb path: .;c:\Users\enriq\.vscode-insiders\extensions\redhat.java-1.55.0-win32-x64\jre\21.0.11-win32-x86_64\bin;C:\WINDOWS\SYSTEM32;C:\WINDOWS\WinSxS\amd64_microsoft.windows.common-controls_6595b64144ccf1df_6.0.26100.8875_none_3e0d5d42e32fe9dd;C:\Program Files (x86)\360\Total Security\safemon;c:\Users\enriq\.vscode-insiders\extensions\redhat.java-1.55.0-win32-x64\jre\21.0.11-win32-x86_64\bin\server;C:\Users\enriq\AppData\Roaming\Code - Insiders\User\globalStorage\redhat.java\1.55.0\config_ss_win\org.eclipse.equinox.launcher\org.eclipse.equinox.launcher.win32.win32.x86_64_1.3.100.v20260613-0559

VM Arguments:
jvm_args: --add-modules=ALL-SYSTEM --add-opens=java.base/java.util=ALL-UNNAMED --add-opens=java.base/java.lang=ALL-UNNAMED --add-opens=java.base/sun.nio.fs=ALL-UNNAMED -Declipse.application=org.eclipse.jdt.ls.core.id1 -Dosgi.bundles.defaultStartLevel=4 -Declipse.product=org.eclipse.jdt.ls.core.product -Djava.import.generatesMetadataFilesAtProjectRoot=false -DDetectVMInstallationsJob.disabled=true -Dfile.encoding=utf8 -XX:+UseParallelGC -XX:GCTimeRatio=4 -XX:AdaptiveSizePolicyWeight=90 -Dsun.zip.disableMemoryMapping=true -Xmx2G -Xms100m -Xlog:disable -javaagent:c:\Users\enriq\.vscode-insiders\extensions\redhat.java-1.55.0-win32-x64\lombok\lombok-1.18.39-4050.jar 
java_command: c:\Users\enriq\.vscode-insiders\extensions\redhat.java-1.55.0-win32-x64\server\plugins\org.eclipse.equinox.launcher_1.7.200.v20260619-2039.jar -configuration c:\Users\enriq\AppData\Roaming\Code - Insiders\User\globalStorage\redhat.java\1.55.0\config_ss_win -data c:\Users\enriq\AppData\Roaming\Code - Insiders\User\workspaceStorage\f8b6e8e432969b00c34a4d2a739117ff\redhat.java\ss_ws --pipe=\\.\pipe\lsp-e34c6376cac071964b86a35981b866f2-sock
java_class_path (initial): c:\Users\enriq\.vscode-insiders\extensions\redhat.java-1.55.0-win32-x64\server\plugins\org.eclipse.equinox.launcher_1.7.200.v20260619-2039.jar
Launcher Type: SUN_STANDARD

[Global flags]
    uintx AdaptiveSizePolicyWeight                 = 90                                        {product} {command line}
     intx CICompilerCount                          = 4                                         {product} {ergonomic}
    uintx GCTimeRatio                              = 4                                         {product} {command line}
   size_t InitialHeapSize                          = 104857600                                 {product} {command line}
   size_t MaxHeapSize                              = 2147483648                                {product} {command line}
   size_t MaxNewSize                               = 715653120                                 {product} {ergonomic}
   size_t MinHeapDeltaBytes                        = 524288                                    {product} {ergonomic}
   size_t MinHeapSize                              = 104857600                                 {product} {command line}
   size_t NewSize                                  = 34603008                                  {product} {ergonomic}
    uintx NonNMethodCodeHeapSize                   = 5839372                                {pd product} {ergonomic}
    uintx NonProfiledCodeHeapSize                  = 122909434                              {pd product} {ergonomic}
   size_t OldSize                                  = 70254592                                  {product} {ergonomic}
    uintx ProfiledCodeHeapSize                     = 122909434                              {pd product} {ergonomic}
    uintx ReservedCodeCacheSize                    = 251658240                              {pd product} {ergonomic}
     bool SegmentedCodeCache                       = true                                      {product} {ergonomic}
   size_t SoftMaxHeapSize                          = 2147483648                             {manageable} {ergonomic}
     bool UseCompressedOops                        = true                           {product lp64_product} {ergonomic}
     bool UseLargePagesIndividualAllocation        = false                                  {pd product} {ergonomic}
     bool UseParallelGC                            = true                                      {product} {command line}

Logging:
Log output configuration:
 #0: stdout all=off uptime,level,tags foldmultilines=false
 #1: stderr all=off uptime,level,tags foldmultilines=false

Release file:
JAVA_VERSION="21.0.11" 
MODULES="java.base java.compiler java.datatransfer java.xml java.prefs java.desktop java.instrument java.logging java.management java.security.sasl java.naming java.rmi java.management.rmi java.net.http java.scripting java.security.jgss java.transaction.xa java.sql java.sql.rowset java.xml.crypto java.se java.smartcardio jdk.accessibility jdk.internal.jvmstat jdk.attach jdk.charsets jdk.internal.opt jdk.zipfs jdk.compiler jdk.crypto.ec jdk.crypto.cryptoki jdk.crypto.mscapi jdk.dynalink jdk.internal.ed jdk.editpad jdk.hotspot.agent jdk.httpserver jdk.internal.le jdk.internal.vm.ci jdk.internal.vm.compiler jdk.internal.vm.compiler.management jdk.jartool jdk.javadoc jdk.jcmd jdk.management jdk.management.agent jdk.jconsole jdk.jdeps jdk.jdwp.agent jdk.jdi jdk.jfr jdk.jshell jdk.jsobject jdk.jstatd jdk.localedata jdk.management.jfr jdk.naming.dns jdk.naming.rmi jdk.net jdk.nio.mapmode jdk.random jdk.sctp jdk.security.auth jdk.security.jgss jdk.unsupported jdk.unsupported.desktop jdk.xml.dom" 

Environment Variables:
PATH=C:\Program Files\Common Files\Oracle\Java\javapath;C:\WINDOWS\system32;C:\WINDOWS;C:\WINDOWS\System32\Wbem;C:\WINDOWS\System32\WindowsPowerShell\v1.0\;C:\WINDOWS\System32\OpenSSH\;C:\Program Files\dotnet\;C:\Program Files (x86)\IVI Foundation\VISA\WinNT\Bin\;C:\Program Files\IVI Foundation\VISA\Win64\Bin\;C:\Program Files (x86)\IVI Foundation\VISA\WinNT\Bin;C:\Program Files\Git\cmd;C:\Users\enriq\AppData\Local\Programs\Python\Python312\Scripts\;C:\Users\enriq\AppData\Local\Programs\Python\Python312\;C:\Users\enriq\AppData\Local\Programs\Python\Launcher\;C:\Users\enriq\AppData\Local\Microsoft\WindowsApps;C:\Users\enriq\AppData\Local\Programs\Microsoft VS Code\bin;C:\Users\enriq\AppData\Local\Programs\Microsoft VS Code Insiders\bin
USERNAME=enriq
OS=Windows_NT
PROCESSOR_IDENTIFIER=Intel64 Family 6 Model 154 Stepping 4, GenuineIntel
TMP=C:\Users\enriq\AppData\Local\Temp
TEMP=C:\Users\enriq\AppData\Local\Temp




Periodic native trim disabled

---------------  S Y S T E M  ---------------

OS:
 Windows 11 , 64 bit Build 26100 (10.0.26100.8875)
OS uptime: 0 days 0:34 hours
Hyper-V role detected

CPU: total 8 (initial active 8) (4 cores per cpu, 2 threads per core) family 6 model 154 stepping 4 microcode 0x434, cx8, cmov, fxsr, ht, mmx, 3dnowpref, sse, sse2, sse3, ssse3, sse4.1, sse4.2, popcnt, lzcnt, tsc, tscinvbit, avx, avx2, aes, erms, clmul, bmi1, bmi2, adx, sha, fma, vzeroupper, clflush, clflushopt, clwb, hv, serialize, rdtscp, rdpid, fsrm, f16c, cet_ibt, cet_ss
Processor Information for processor 0
  Max Mhz: 1200, Current Mhz: 1200, Mhz Limit: 1200
Processor Information for processor 1
  Max Mhz: 1200, Current Mhz: 1200, Mhz Limit: 1200
Processor Information for processor 2
  Max Mhz: 1200, Current Mhz: 1200, Mhz Limit: 1200
Processor Information for processor 3
  Max Mhz: 1200, Current Mhz: 1200, Mhz Limit: 1200
Processor Information for processor 4
  Max Mhz: 1200, Current Mhz: 900, Mhz Limit: 900
Processor Information for processor 5
  Max Mhz: 1200, Current Mhz: 900, Mhz Limit: 900
Processor Information for processor 6
  Max Mhz: 1200, Current Mhz: 900, Mhz Limit: 900
Processor Information for processor 7
  Max Mhz: 1200, Current Mhz: 900, Mhz Limit: 900

Memory: 4k page, system-wide physical 7885M (686M free)
TotalPageFile size 9669M (AvailPageFile size 13M)
current process WorkingSet (physical memory assigned to process): 150M, peak: 152M
current process commit charge ("private bytes"): 281M, peak: 284M

vm_info: OpenJDK 64-Bit Server VM (21.0.11+10-LTS) for windows-amd64 JRE (21.0.11+10-LTS), built on 2026-04-21T00:00:00Z by "admin" with MS VC++ 17.12 (VS2022)

END.
